Date,Open,High,Low,Last,Close,Total Trade Quantity,Turnover (Lacs)
01-01-2013,1266.95,1267.9,1260,1262.3,1264.15,254790,3220.75
02-01-2013,1267,1272.4,1255.55,1262.95,1263.3,940123,11885.37
03-01-2013,1265,1284,1259.95,1282.9,1280.6,1317565,16821.01
04-01-2013,1285,1301,1280.9,1299,1299.2,2614380,33794.17
07-01-2013,1300,1304,1290.25,1295,1294.85,910376,11799.61
08-01-2013,1295,1304.3,1294.3,1300.5,1300.25,1170935,15220.21
09-01-2013,1301,1307.4,1273.15,1277,1276.6,1567949,20137.78
10-01-2013,1279.9,1282.1,1255.3,1269,1258.4,2261419,28619.04
11-01-2013,1290,1322.5,1290,1305.8,1306.35,3902503,50933.69
14-01-2013,1319,1348.45,1307.35,1335.6,1334.5,2895112,38598.84
15-01-2013,1390,1400,1327,1338.05,1337.45,4131489,56377.75
16-01-2013,1336.9,1355,1309,1344.9,1347.75,2054746,27415.36
17-01-2013,1349.7,1371.8,1343,1360.75,1362,1514272,20637.77
18-01-2013,1362.5,1366.05,1338.05,1350.95,1351,720235,9742.03
21-01-2013,1352.5,1354.9,1327.1,1330.8,1330,630019,8416.24
22-01-2013,1326,1331.7,1308.1,1314.8,1317.5,693315,9172.69
23-01-2013,1315.75,1323.75,1298.4,1312,1311.95,938827,12290.19
24-01-2013,1305,1336.9,1305,1330,1328.55,1749235,23256.69
25-01-2013,1323.75,1345,1323.75,1343,1340.5,760550,10190.39
28-01-2013,1340.3,1349.95,1337.95,1345.15,1345.05,1214077,16331.32
29-01-2013,1341.2,1356.55,1340.3,1343.55,1344.95,865902,11666.23
30-01-2013,1341,1349.85,1335.8,1342,1346.15,1139572,15335.51
31-01-2013,1348.85,1352.45,1326.4,1343.1,1344.15,2156584,28987
01-02-2013,1344,1352,1342.15,1347.9,1348.1,742270,10006.7
04-02-2013,1349,1367.8,1345.15,1352,1356.35,1243652,16873.02
05-02-2013,1345.1,1365,1345.1,1361.15,1360.05,1080997,14702.64
06-02-2013,1362.5,1375.9,1362,1368,1370.55,1786853,24438.83
07-02-2013,1361,1390,1361,1386,1387.15,1306391,18030.13
08-02-2013,1386,1437,1385.1,1418.1,1422.6,3486809,49503.68
11-02-2013,1424,1428.9,1412.25,1413,1414.7,1156063,16385.27
12-02-2013,1409.05,1415,1401.85,1410,1410.05,1112751,15689.31
13-02-2013,1409.8,1441.65,1405.1,1433.5,1435.4,1911333,27434.48
14-02-2013,1430.1,1455.8,1429,1444.65,1447.7,1473479,21349.21
15-02-2013,1444,1451.8,1430.65,1440,1442.15,910395,13148.17
18-02-2013,1440.1,1441.9,1420,1421.45,1425.35,476043,6801.39
19-02-2013,1421.6,1448.9,1412.7,1445.3,1443.55,372147,5327.04
20-02-2013,1441.5,1457,1441.5,1450,1452.8,1130759,16426.87
21-02-2013,1440.7,1456.85,1440.7,1450.85,1451.05,1924573,27922.97
22-02-2013,1450,1464.05,1442.3,1456.5,1455.1,655347,9534.56
25-02-2013,1453,1475,1451.5,1475,1473.7,865015,12711.04
26-02-2013,1467,1499.95,1466,1499.5,1496.4,1426835,21217.44
27-02-2013,1495.25,1503.05,1477.3,1483,1483.2,1278341,18985.61
28-02-2013,1486.25,1525,1485.25,1520.7,1517,2299712,34678.98
01-03-2013,1515.1,1516,1498,1498.1,1501.85,1268663,19061.94
04-03-2013,1491,1519.9,1491,1519.9,1513.2,1568038,23632.34
05-03-2013,1517,1543,1508.6,1539.85,1540.15,1720027,26384.69
06-03-2013,1536.15,1565.5,1536.15,1565.5,1561.2,1149755,17836.16
07-03-2013,1561,1597.6,1559.35,1589.7,1589.9,1954351,30943.73
08-03-2013,1590,1595.65,1574.9,1582.35,1583.15,2170751,34358.28
11-03-2013,1575,1589.55,1556.65,1560.5,1566.2,1110665,17435.73
12-03-2013,1558,1567.95,1548,1564.1,1560.5,904726,14066.65
13-03-2013,1556.05,1558.7,1548,1552.9,1551.7,897248,13920.41
14-03-2013,1557,1577,1543.8,1567.65,1567.7,1525609,23740.11
15-03-2013,1572,1580.4,1560.6,1567.25,1570.25,2106199,33096.16
18-03-2013,1559.85,1573.65,1554.4,1568,1566.95,847494,13262.7
19-03-2013,1564.5,1564.5,1540.45,1541.9,1546.75,1869955,28955.61
20-03-2013,1540,1572.65,1539.95,1562,1557.65,2084068,32469.48
21-03-2013,1563,1574.4,1553.7,1566.8,1559.95,832302,13031.09
22-03-2013,1561.4,1562.1,1532,1534,1542.15,1357228,20995.36
25-03-2013,1548.5,1552,1528.4,1547,1543.35,928658,14319.17
26-03-2013,1540.1,1570,1536.15,1559,1556.35,890768,13875.22
28-03-2013,1556,1583.4,1541.65,1571.95,1575.75,1532831,23937.88
01-04-2013,1565,1573.7,1551.25,1552.1,1556.85,484406,7564.6
02-04-2013,1556,1571.2,1541.25,1568,1567.35,565166,8802.05
03-04-2013,1570,1575,1531,1545.8,1543.4,479966,7465.44
04-04-2013,1540.1,1540.1,1501,1508.95,1507.8,563169,8518.25
05-04-2013,1505,1509.35,1484.1,1493.25,1498.35,932624,13959.24
08-04-2013,1498.9,1498.9,1475,1481.05,1480.75,448208,6640.6
09-04-2013,1480,1513,1477.6,1500,1497.4,836177,12530.73
10-04-2013,1509.9,1538.9,1501,1536.75,1530.45,1023142,15534.77
11-04-2013,1540,1550.1,1520.7,1537.75,1536.9,1122329,17252.57
12-04-2013,1481.9,1524.5,1478.35,1512,1511.75,2516030,37863.1
15-04-2013,1513.5,1514,1448.35,1473,1472.45,2695748,39730.67
16-04-2013,1470,1493.45,1457.95,1480,1483.15,1535791,22622.94
17-04-2013,1495,1499,1431,1459.85,1456.65,2639502,38557.92
18-04-2013,1487.95,1494.9,1427.45,1443.1,1452.75,4277229,62075.41
22-04-2013,1446,1459.8,1425,1425,1425.3,1481242,21242
23-04-2013,1424.45,1448,1424,1428.95,1430.55,1692085,24251.21
25-04-2013,1430.55,1430.55,1398.65,1401,1402.3,3964597,55795.56
26-04-2013,1393,1393.45,1365.1,1366.95,1369.35,2377038,32672.58
29-04-2013,1365,1384.7,1365,1370.7,1370.75,1984458,27273.21
30-04-2013,1368,1382,1365,1376.35,1378.4,2010285,27604.27
02-05-2013,1373.5,1438.8,1373.5,1425,1433.9,2815163,39897.96
03-05-2013,1426,1447.25,1407.9,1420,1418.5,1820895,25986.68
06-05-2013,1420,1472.4,1420,1465.05,1467.2,1863559,27101.26
07-05-2013,1467.1,1478.85,1457.4,1469.3,1471.6,1130090,16593.52
08-05-2013,1472,1487.8,1470,1479.8,1480.1,884065,13090.46
09-05-2013,1483.2,1503.45,1483,1500,1498.45,974850,14604.7
10-05-2013,1498.45,1510.9,1491.1,1494,1495.9,569857,8542.88
11-05-2013,1495,1495,1486.1,1486.7,1489.65,28017,417.35
13-05-2013,1480,1481,1445.7,1451.6,1451.6,931249,13595.24
14-05-2013,1455.1,1470.55,1443.75,1458,1457.95,1125050,16426.46
15-05-2013,1458.1,1477.2,1450,1462,1471.55,1782963,26080.85
16-05-2013,1469,1469,1447.45,1455.8,1454.05,1207826,17555.6
17-05-2013,1455,1478.5,1454.1,1469.05,1473.8,1450100,21289.48
20-05-2013,1471.25,1478,1461,1477.7,1472.4,692752,10169.03
21-05-2013,1465,1502,1465,1493,1492.85,949216,14175.9
22-05-2013,1498,1509.15,1492.3,1496.7,1498.4,923472,13845.75
23-05-2013,1495,1526.75,1478.35,1496,1492.7,1531981,22975.96
24-05-2013,1500,1502.95,1463.6,1472,1469.55,793306,11707.75
27-05-2013,1469.5,1500,1460,1490.55,1498,1011932,15064.74
28-05-2013,1498,1516.5,1490.3,1514.9,1514.1,700127,10533.87
29-05-2013,1516,1527.5,1485.1,1495,1497.35,726019,10938.45
30-05-2013,1500,1512,1487,1508,1499.4,1204173,18062.79
31-05-2013,1491,1509.25,1476.75,1501,1498.45,964934,14451.47
03-06-2013,1504,1507,1457.1,1470,1469.4,1548806,22815
04-06-2013,1460,1473.9,1450.15,1464,1465.35,652660,9543.28
05-06-2013,1461.1,1472.65,1452.7,1472.4,1467.8,864338,12657.47
06-06-2013,1453.7,1478.5,1452.05,1472,1470.75,1270226,18664.16
07-06-2013,1470.1,1539,1468,1522.6,1518.95,1775422,26887.52
10-06-2013,1525.05,1544.7,1519.1,1529.15,1525.05,1680215,25741.58
11-06-2013,1530.2,1542,1492,1494.85,1501.55,1102734,16747.43
12-06-2013,1494.1,1495.1,1462.05,1470.85,1468.1,2402977,35394.54
13-06-2013,1460,1464,1435.1,1439,1445.65,1575671,22834.49
14-06-2013,1448,1457.25,1431,1454,1450.7,1552998,22456.12
17-06-2013,1453,1465,1428,1451.8,1452.45,1292081,18672.05
18-06-2013,1455,1460,1440.15,1442.05,1443.8,1145764,16577.16
19-06-2013,1454.9,1454.9,1423.55,1424.25,1427.7,1069894,15317.4
20-06-2013,1421,1433.15,1399.1,1399.1,1404.5,2086439,29628.32
21-06-2013,1408.8,1431.85,1408,1422,1422.25,1424112,20242.23
24-06-2013,1415,1434.1,1400.1,1412.9,1410.7,944582,13402.39
25-06-2013,1413.5,1427.1,1380.7,1391,1392.3,930274,13152.45
26-06-2013,1396.9,1447.75,1381.05,1446,1437.7,1163244,16548.58
27-06-2013,1447.8,1497,1442,1485,1491.9,1910339,28121.18
28-06-2013,1495,1524.3,1458.2,1521,1518.15,2408548,36104.86
01-07-2013,1512,1516.7,1483.4,1489,1492.35,677326,10128.86
02-07-2013,1493.1,1508.5,1486.65,1500,1500.55,828621,12406.45
03-07-2013,1497.7,1519,1465,1485,1489.8,765453,11417.09
04-07-2013,1490.85,1541,1490,1540,1538.3,958530,14597.26
05-07-2013,1542,1558,1522,1529,1530.2,646506,9962.54
08-07-2013,1528,1535,1500,1507,1506.65,829398,12585.3
09-07-2013,1495.3,1521.75,1495.3,1504.15,1504.9,548663,8270.23
10-07-2013,1510,1526.8,1498,1519,1511.95,661312,9986.91
11-07-2013,1520,1570,1520,1560,1564.55,1167637,18114.57
12-07-2013,1595,1624.8,1579.3,1610,1609.85,1625768,26126.81
15-07-2013,1601.1,1647.3,1599.3,1640,1641.75,1030285,16844.79
16-07-2013,1625,1666.35,1617.6,1647,1649.35,1112493,18362.04
17-07-2013,1645.05,1684.95,1645.05,1675,1678.5,1499625,25110.29
18-07-2013,1680,1692.3,1644,1658.5,1660.4,1722766,28664.03
19-07-2013,1719,1759,1700,1743,1742.8,4275402,74307
22-07-2013,1741,1758.8,1728.3,1747.85,1746.5,1487386,25970.09
23-07-2013,1748,1780.45,1743.6,1750,1749.8,823251,14460.52
24-07-2013,1748.5,1792,1745,1783,1782.8,1090822,19403.55
25-07-2013,1780,1810,1766.7,1788,1795.75,2044404,36508.16
26-07-2013,1795,1798.95,1750.1,1770,1774.5,1189532,21162.32
29-07-2013,1758,1794.6,1757.25,1776.95,1779.2,887131,15782.99
30-07-2013,1780,1804.95,1775.45,1789.6,1792.3,1308742,23486.95
31-07-2013,1790,1831.5,1789.45,1814,1815.5,1413375,25690.97
01-08-2013,1810.05,1834.8,1790,1816,1815.4,1070589,19467.11
02-08-2013,1819.7,1849.9,1816.7,1843,1845.85,923427,17016.66
05-08-2013,1840,1877.4,1840,1864.7,1867.2,1177592,22000.91
06-08-2013,1873,1881.95,1864.65,1871,1870.1,1152645,21571.73
07-08-2013,1874,1890.9,1813.45,1818.95,1822.7,1347490,24938.83
08-08-2013,1805.1,1856.15,1783.7,1846,1845.4,1079314,19747.32
12-08-2013,1841,1841,1808.15,1822,1814,1038787,18888.13
13-08-2013,1820.2,1844.85,1809.95,1820,1819.8,1084148,19800.34
14-08-2013,1824.5,1858,1802,1842,1833.5,1651034,30286.56
16-08-2013,1824.2,1830,1755.55,1779,1780.9,1389965,24872.33
19-08-2013,1798,1807,1755.55,1770,1777.45,1060676,18909.38
20-08-2013,1789.8,1789.8,1730,1739,1736.4,1362422,23768.21
21-08-2013,1740.1,1743.7,1701.15,1720,1717.8,1811997,31155.85
22-08-2013,1705,1797.15,1695.2,1774,1778.95,2130494,36949.49
23-08-2013,1794,1838,1784.3,1822,1829.45,2016442,36608.41
26-08-2013,1823.1,1878.6,1814,1850.05,1842,1331619,24690.29
27-08-2013,1839,1878.85,1830,1838,1838.8,972642,18075.47
28-08-2013,1828,1946.1,1828,1900,1907.9,2222342,42347.1
29-08-2013,1901,1970,1878.3,1930,1947.1,2952591,57285.11
30-08-2013,1939,2050,1930,2030,2033.2,2641471,52996.67
02-09-2013,2020,2069,2017.5,2057,2056.85,1077017,22046.27
03-09-2013,2050.1,2067,1986.15,1989.45,2001.1,1177532,23957.79
04-09-2013,2000,2078.8,1993.95,2075,2069.1,1313258,26984.57
05-09-2013,2069,2069,1981.05,1994,1990.75,1963746,39414.61
06-09-2013,2009,2025,1975,1980,1988.8,1379798,27568.85
10-09-2013,1986,2016.7,1981,1989.95,1987.9,2150486,42890.31
11-09-2013,2008,2018,1983.5,1987.95,1993.8,1504247,30072.23
12-09-2013,1995,1998.55,1945.8,1969,1967.9,952784,18698.29
13-09-2013,1965,1990,1946.55,1961.7,1953.75,1048160,20580.02
16-09-2013,1950,1985,1894.05,1895.6,1902.55,1230253,23596.54
17-09-2013,1900,1952.55,1897.1,1944.3,1947.45,1663908,32102.41
18-09-2013,1942.05,1964.8,1937.9,1951,1954.5,1054909,20600.93
19-09-2013,1948,1990,1926.5,1958,1966.3,1953620,38413.23
20-09-2013,1950,1989.9,1941,1952.3,1950.3,1795929,35295.64
23-09-2013,1950,1977.2,1940,1957,1955.1,1494379,29327.62
24-09-2013,1955,1977.9,1926,1941,1939.5,2470150,48174.63
25-09-2013,1941.5,1970.95,1920.2,1953.25,1959.05,2166929,42087.25
26-09-2013,1954.8,1974.1,1935.1,1942.95,1942.9,2459852,47979.1
27-09-2013,1943.1,1961.95,1937.45,1945.1,1948.1,892333,17411.51
30-09-2013,1954,1961.85,1920,1922.5,1927.8,993675,19308.1
01-10-2013,1932,1954.85,1916.7,1950,1949.05,795997,15472.66
03-10-2013,1971.8,2036.9,1960.4,2024,2024.6,2336177,47186.7
04-10-2013,2032,2069,2026.95,2038.6,2033.6,967016,19837.78
07-10-2013,2035,2097.7,2025.3,2095.75,2089.75,996939,20574.01
08-10-2013,2083,2098,2056.55,2066.05,2061.45,914053,18963.92
09-10-2013,2055.5,2097.65,2045.1,2090.55,2090.85,887929,18388.6
10-10-2013,2088,2098,2067.25,2088,2080,582160,12107.19
11-10-2013,2103,2138,2082.4,2128,2122.05,1142224,24179.67
14-10-2013,2127.5,2225,2125,2218.5,2212.75,2187230,47925.8
15-10-2013,2235,2258.85,2201,2216,2215.4,2332546,52014.07
17-10-2013,2230,2230,2095.7,2099,2108.45,3343607,71793.49
18-10-2013,2104.8,2133.8,2061.55,2119,2120.65,2673083,56260.12
21-10-2013,2125,2127.95,2050,2076.8,2071.65,1842686,38149
22-10-2013,2088,2107.65,2076.85,2088,2089.35,1022307,21388.22
23-10-2013,2088.5,2103,2046.15,2054,2061.15,1227748,25339.77
24-10-2013,2042,2082.35,2001.85,2007.95,2008.7,1808879,36840.83
25-10-2013,1995,2072,1995,2065,2067.75,1263701,25872.81
28-10-2013,2068,2089.8,2052.55,2066,2063.95,901971,18641.76
29-10-2013,2065,2085.8,2047.9,2073.85,2069.8,914538,18884.67
30-10-2013,2070.25,2100,2070.25,2094.7,2091.95,1057437,22095.37
31-10-2013,2089,2129,2079.4,2108,2112.05,1761538,37072.57
01-11-2013,2110,2141.95,2091.1,2096,2097.6,673240,14198.66
03-11-2013,2100,2109.4,2095.2,2099,2099,65452,1375.5
05-11-2013,2100,2105,2031.7,2043.85,2042,1130643,23247.14
06-11-2013,2063,2103.55,2059.05,2093.1,2091.1,833875,17387.59
07-11-2013,2100,2148.15,2080.3,2116,2121.95,978474,20788.94
08-11-2013,2130,2131.75,2071.2,2088.7,2090.85,804673,16879.36
11-11-2013,2090,2140,2050,2099.95,2094.65,980569,20714.29
12-11-2013,2096.85,2121.7,2079,2080,2087.15,500341,10502.62
13-11-2013,2098.95,2106.2,2043.65,2048.8,2049,604169,12506.07
14-11-2013,2072,2072,2021.85,2026.3,2026.2,1064852,21702.16
18-11-2013,2046,2059.9,2032.25,2050,2044,1415801,28993.16
19-11-2013,2049.95,2055,2021.2,2031.95,2029.9,1038932,21108.82
20-11-2013,2046.85,2049.9,2017,2026,2023.6,829348,16890.63
21-11-2013,2023.2,2034.7,1980,1989.95,1986.6,1151441,23067.57
22-11-2013,1991,2011,1985.1,2003.9,2000.85,747247,14942.99
25-11-2013,2008,2026.85,1993.1,2012,2013.25,975499,19603.53
26-11-2013,2003.1,2016.45,1987,1991,1993.7,1023706,20428.66
27-11-2013,2009,2013.7,1975,1979.8,1986.45,1060489,21145.48
28-11-2013,1993.1,1996.55,1970,1986.9,1984.6,1402861,27816.07
29-11-2013,1992,2014.7,1981.8,2005.05,2004.35,962406,19277.39
02-12-2013,1995,2021,1995,2020,2013.9,626630,12598.46
03-12-2013,2016.05,2042,2015.05,2018.85,2020.8,724592,14698.88
04-12-2013,2019.9,2031.6,1993.65,2003.5,2000.05,759518,15294.37
05-12-2013,2016,2033.55,1983.05,1984.8,1987.15,698595,13955.72
06-12-2013,1991,2010,1991,2001,2000.3,723481,14479.22
09-12-2013,2029,2029.95,2000,2002,2004.85,913170,18348.93
10-12-2013,2000,2089,2000,2087,2082.75,1826667,37726.32
11-12-2013,2079,2086.85,2043,2056,2058.05,778031,16021.95
12-12-2013,2045,2064,2025.1,2028,2028.9,827982,16847.26
13-12-2013,2037.95,2045,1995,2007,2001.8,1731675,34888.85
16-12-2013,2013.7,2039.8,2005.15,2020.2,2019.15,1429250,28906.96
17-12-2013,2031.6,2065.85,2030,2045.3,2045.35,1497737,30725.16
18-12-2013,2040,2071,2038,2055.5,2055.8,793995,16349.42
19-12-2013,2075.95,2110,2062.65,2086.1,2081.5,1080993,22553.05
20-12-2013,2088.1,2130,2085.85,2128.15,2120.55,982906,20757.08
23-12-2013,2129.95,2143.45,2097.95,2113.3,2109.05,660612,13974.42
24-12-2013,2119.8,2129,2104.25,2109,2110.7,435078,9210.06
26-12-2013,2115,2117,2091.45,2094,2100.3,1148597,24183.2
27-12-2013,2107,2169.9,2105,2165.15,2160.65,1239973,26600.42
30-12-2013,2170,2175.25,2146.7,2159,2156.05,834388,18022.65
31-12-2013,2160.1,2184.95,2150.9,2174.25,2172.05,622888,13528.32
01-01-2014,2180.1,2184.5,2151.1,2153.7,2153.3,264976,5722.28
02-01-2014,2166,2189,2156.15,2167.95,2167,863474,18745.65
03-01-2014,2164.7,2229.1,2147.25,2224.1,2222.2,1309087,28887.57
06-01-2014,2229,2244,2197,2234.8,2239.6,1155905,25709.41
07-01-2014,2240,2256.45,2199,2207.9,2206.15,1448743,32276.13
08-01-2014,2212,2244,2210,2229.95,2232.65,1275010,28439.55
09-01-2014,2228.75,2255.5,2222.1,2239,2241.95,1291103,28910.57
10-01-2014,2260,2309.8,2235,2290,2280.9,1684667,38360.72
13-01-2014,2285,2384,2285,2380,2368.75,1907158,44724.03
14-01-2014,2372,2384.8,2320,2330,2326.75,1487482,34792.23
15-01-2014,2342.45,2378.2,2327,2361,2353.6,1524427,35878.31
16-01-2014,2380,2380.1,2325,2359,2350.3,1498981,35197.43
17-01-2014,2298,2298,2206.05,2219.85,2213.05,3782378,84858.41
20-01-2014,2218.95,2350,2215.5,2334.9,2338.2,3005279,69055.29
21-01-2014,2334,2339.25,2275.1,2285.25,2280.3,1566141,35974.18
22-01-2014,2287.1,2296.85,2264.1,2270.35,2274.05,1192015,27163.33
23-01-2014,2268.1,2276.7,2237.3,2254.15,2252.45,1145381,25831.4
24-01-2014,2244,2283.25,2235,2249,2248.7,925133,20954.26
27-01-2014,2226,2259.5,2220.1,2237,2229.6,1266474,28350.22
28-01-2014,2232,2247.85,2196.1,2215,2212.35,1426083,31638.27
29-01-2014,2240,2240,2205,2213.05,2209.8,849038,18834.55
30-01-2014,2198.05,2227,2190,2222.25,2217.6,1112625,24515.83
31-01-2014,2225.1,2269.8,2221,2230.95,2241.05,1087123,24483.26
03-02-2014,2222,2244.25,2190.8,2192.7,2194.45,681240,15023.76
04-02-2014,2174,2175,2112.05,2162,2151.35,1347083,28862.2
05-02-2014,2163.8,2200,2140,2196.25,2194.4,926825,20135.85
06-02-2014,2180,2189.9,2145,2169.6,2175.25,961326,20854.36
07-02-2014,2190,2195,2131,2142.9,2144.4,995456,21477.29
10-02-2014,2144,2144,2085.1,2092.55,2093.55,2009635,42318.76
11-02-2014,2100,2126.5,2096,2100,2101.7,1784393,37674.68
12-02-2014,2118,2123.6,2095,2098.8,2105.45,1537174,32461.7
13-02-2014,2107,2138.4,2096.5,2137.9,2133.75,1047175,22250.23
14-02-2014,2137.9,2184.75,2128.1,2163.5,2167.9,955031,20662.92
17-02-2014,2160,2186,2147.2,2164.7,2165.4,835197,18101.53
18-02-2014,2165,2191,2155.85,2161.1,2166,763458,16612.58
19-02-2014,2170,2215,2162.25,2213,2197.95,536459,11719.5
20-02-2014,2206,2222,2182.8,2188.2,2189.35,793962,17499.99
21-02-2014,2198,2213,2190.75,2203,2205.7,858930,18935.82
24-02-2014,2204,2205.25,2170.1,2177.95,2177.9,1225212,26684.91
25-02-2014,2189,2199.5,2180,2186.8,2188.9,1652687,36217.73
26-02-2014,2194,2195,2177.15,2183.95,2182.15,1929856,42138.22
28-02-2014,2161,2280,2160.15,2271.85,2275.75,1994096,44923.55
03-03-2014,2271.8,2299,2228,2232.15,2240.05,803039,18123.4
04-03-2014,2233.2,2254,2224,2240.2,2240.65,1015166,22743.68
05-03-2014,2254.85,2286.25,2242.55,2247.15,2251.9,1151003,26011.9
06-03-2014,2252.85,2260,2232.15,2240,2240.75,657281,14733.8
07-03-2014,2245.5,2250.05,2152.8,2225.05,2228.5,2349236,51649.07
10-03-2014,2228.1,2228.5,2135,2145,2142.65,1914884,41385.81
11-03-2014,2155,2177.65,2122,2155.1,2151.65,1275127,27443.13
12-03-2014,2153,2189.75,2153,2177.05,2179.45,834894,18163.41
13-03-2014,2148.05,2202,2136.85,2146.7,2149.55,1009942,21935.25
14-03-2014,2141,2160.5,2124.3,2138,2139.55,1080623,23143.23
18-03-2014,2135.5,2151.8,2104.25,2113.95,2122,1282921,27297.23
19-03-2014,2075,2075,2013.05,2037.8,2039.4,4326331,87984.31
20-03-2014,2038,2122.9,2011.4,2107,2108.2,2864478,59581.17
21-03-2014,2125,2145,2085,2126,2127,2340388,49562.37
22-03-2014,2125,2141.9,2115.45,2123.25,2128.25,94751,2019.65
24-03-2014,2136.95,2157.95,2126.15,2149.95,2152.6,1091507,23395.91
25-03-2014,2144,2172,2130,2145.2,2146.65,1124984,24184.36
26-03-2014,2148.05,2158.5,2087.55,2100,2093.5,1596175,33712.23
27-03-2014,2100.95,2115,2065.05,2105,2094.25,2506238,52315.9
28-03-2014,2097,2122.85,2080.05,2100.3,2102.1,1485581,31209.07
31-03-2014,2104,2144.95,2082,2139,2133.15,1341634,28341.17
01-04-2014,2145,2185,2144.9,2175.4,2176.7,1377966,29939.67
02-04-2014,2190,2202,2161.05,2164.95,2172.25,1881508,41100.02
03-04-2014,2172.85,2182,2147.6,2170,2166.5,790597,17094.72
04-04-2014,2172,2187,2130,2138,2138.85,847328,18273.57
07-04-2014,2130.1,2165.95,2120.7,2159.75,2153.8,1297493,27789.26
09-04-2014,2152,2162,2105,2135,2140.4,1675250,35632.51
10-04-2014,2140.4,2148.65,2115.2,2125,2126.15,1076443,22918.03
11-04-2014,2118,2174.9,2100,2161.5,2164.1,1170371,24979.23
15-04-2014,2181,2258,2174.05,2254.5,2252.75,1798622,39935.02
16-04-2014,2264,2264,2184.2,2187.95,2196.3,1737955,38383.84
17-04-2014,2220,2227,2142.7,2223.4,2222.9,3840719,84666.65
21-04-2014,2220,2242.9,2211.3,2219.95,2221.75,921297,20487.99
22-04-2014,2233.95,2249.9,2219.9,2222.4,2221.05,743137,16552.05
23-04-2014,2231.4,2243.9,2201.1,2210,2213.75,969496,21501.41
25-04-2014,2227,2235,2193.2,2203.85,2205.25,1580224,34823
28-04-2014,2205.25,2222.7,2180.1,2186.65,2191.35,1275383,28000.13
29-04-2014,2186,2206.35,2176.9,2195,2194.25,923090,20262.4
30-04-2014,2185.1,2205.6,2181,2191,2189.2,1198689,26258
02-05-2014,2181.25,2219.9,2181.25,2208.45,2208.45,958889,21166.25
05-05-2014,2210.8,2229,2204.15,2209.6,2213.7,657239,14594.89
06-05-2014,2213.7,2221.6,2190,2199.5,2198.9,480616,10564.78
07-05-2014,2191.05,2203,2140.1,2165,2165.55,2358091,51068.96
08-05-2014,2165.1,2181.8,2147.65,2155,2162.05,1303450,28164.12
09-05-2014,2152,2184.7,2152,2162,2159.9,899720,19534.98
12-05-2014,2153,2166.7,2123.15,2164.85,2159.35,1443032,30988.63
13-05-2014,2165.8,2239,2165.8,2209,2210.95,1273742,28043.56
14-05-2014,2214.4,2237.7,2201.1,2217.5,2216.1,694614,15410.7
15-05-2014,2216.1,2225,2171.15,2196.75,2193.15,1260098,27608.69
16-05-2014,2200.05,2253.4,2100.25,2160,2160.75,2620899,57209.86
19-05-2014,2150,2160,1999.5,2026,2036.7,3258303,66340.51
20-05-2014,2028,2160,2028,2062,2068.2,2351057,48641.14
21-05-2014,2061.2,2089,2055.8,2083,2082.85,2058473,42722.02
22-05-2014,2096.75,2124,2075.1,2108,2111.95,2108421,44450.7
23-05-2014,2119,2149,2096,2129.85,2127.9,1547390,32901.39
26-05-2014,2149,2169.6,2133.6,2155.05,2154,1325425,28511.63
27-05-2014,2160.15,2184.6,2118,2132,2131.45,897547,19235.39
28-05-2014,2140,2158.75,2122.45,2152,2150.55,943744,20259.39
29-05-2014,2145,2180,2135.2,2163.85,2159.95,1410355,30424.25
30-05-2014,2158.8,2167,2130.15,2144.75,2141.35,1292824,27681.39
02-06-2014,2144,2157.75,2116.05,2133.85,2129.85,547579,11650.89
03-06-2014,2129.85,2138,2105.2,2129.95,2128.6,1242314,26441.25
04-06-2014,2130,2134.9,2077,2088,2089.25,1070531,22367.13
05-06-2014,2083.1,2116.4,2068,2100.15,2104.15,2174235,45498.95
06-06-2014,2100.15,2107.8,2056,2085,2084.25,1680793,34884.15
09-06-2014,2087,2118,2080,2114.95,2113.8,1333098,28119.54
10-06-2014,2115,2160.95,2115,2155.55,2158.15,1314034,28164.77
11-06-2014,2165,2214,2138.2,2204.2,2206.95,1772281,38767.93
12-06-2014,2249,2254,2183.8,2238.1,2237.35,1367169,30391.48
13-06-2014,2238,2239,2185.05,2220,2213.55,952011,21001.51
16-06-2014,2210,2276.95,2210,2270,2269.75,1219953,27588.1
17-06-2014,2284.9,2297,2271,2275,2279.85,959072,21899.17
18-06-2014,2293,2293,2221.3,2221.3,2227.05,974412,21846
19-06-2014,2230,2289,2210.1,2280.15,2276.05,948177,21354.94
20-06-2014,2284.9,2299,2262,2286.2,2292.4,577837,13204.4
23-06-2014,2293,2299.9,2254.05,2260.1,2268.85,631367,14334.11
24-06-2014,2269,2319.5,2255,2314.9,2309.05,739550,16938.05
25-06-2014,2310,2320,2293,2299.9,2310.55,514211,11879.49
26-06-2014,2296,2344.15,2291.15,2304,2307.65,1018091,23544.07
27-06-2014,2317,2406.9,2315,2400.1,2399.55,1529418,36460.94
30-06-2014,2400.55,2435,2376.6,2413.95,2425.4,1073235,25907.6
01-07-2014,2418.9,2419,2382.3,2391.3,2390.75,546395,13093.83
02-07-2014,2400,2411.75,2383.5,2401.1,2401.6,453870,10882.76
03-07-2014,2399,2445,2392,2410,2417.9,763381,18482.64
04-07-2014,2412.4,2425.5,2401,2416.1,2410.5,268068,6467.76
07-07-2014,2420.05,2498,2410.4,2490,2488.55,1102451,27267.08
08-07-2014,2484.95,2486.15,2433.25,2444.5,2449.45,1250294,30735.34
09-07-2014,2470,2472.65,2381.6,2400,2398.15,777121,18812.34
10-07-2014,2399.55,2419.6,2335,2345.9,2351.8,995281,23640.14
11-07-2014,2371,2410,2361.1,2410,2394.45,664723,15895.71
14-07-2014,2418.8,2439,2385.25,2428,2426.25,793962,19198.34
15-07-2014,2426.2,2430,2393.75,2400.95,2399.3,694828,16704.74
16-07-2014,2409.65,2424,2386.85,2404,2401.85,703620,16909.14
17-07-2014,2410,2429.8,2375,2379.95,2381.95,895110,21441.88
18-07-2014,2452,2485,2435,2445,2441.2,1753744,43163.28
21-07-2014,2468,2469.85,2443.05,2462,2463.75,490536,12049.63
22-07-2014,2465,2540,2461.9,2530.15,2532.4,1199508,29940.76
23-07-2014,2540,2596.3,2532.3,2580,2586.15,1032929,26588.67
24-07-2014,2594.9,2602,2567,2591,2595.2,740709,19140.67
25-07-2014,2594,2614.35,2567,2610,2605.75,903457,23379.85
28-07-2014,2577.15,2599.65,2555,2584.4,2589.3,657461,16959.94
30-07-2014,2584.8,2610,2572.6,2585,2595.05,949626,24614.87
31-07-2014,2575.1,2598,2569.25,2582,2580.05,1203605,31048.13
01-08-2014,2575,2587.95,2510,2516,2516.4,1190941,30328.61
04-08-2014,2532,2541.9,2488,2527.5,2526.05,914318,23022.34
05-08-2014,2544.9,2545,2490.1,2524,2523.7,702328,17700.23
06-08-2014,2516.15,2534.85,2490.25,2512.55,2506.65,918781,23068.77
07-08-2014,2490,2495,2459.05,2468.9,2469.8,836328,20680.08
08-08-2014,2465,2507.7,2465,2479,2478.7,732395,18199.29
11-08-2014,2490.9,2495.55,2455,2464.3,2468.4,645448,15976.44
12-08-2014,2489.9,2489.9,2440.2,2469.65,2471.75,492276,12108.57
13-08-2014,2470,2530,2470,2500,2500.05,1384189,34619.57
14-08-2014,2514,2532,2490.05,2496,2499.75,789028,19805.87
18-08-2014,2491.05,2505,2470,2481,2487.6,686630,17067.32
19-08-2014,2500,2504.9,2435,2438,2438.5,1617078,39558.44
20-08-2014,2444.5,2455.05,2430.05,2438.85,2436.2,1028379,25088.95
21-08-2014,2447,2460,2430,2432.5,2432.45,1132725,27640.09
22-08-2014,2444,2468.2,2435.8,2462,2464.2,1548119,38009.86
25-08-2014,2470,2528.5,2466.9,2521.7,2522.05,1571756,39474.96
26-08-2014,2529,2550,2500,2528.45,2533.8,907745,23008.52
27-08-2014,2534,2567.4,2514.05,2547.9,2549.95,717730,18320.13
28-08-2014,2547,2549.3,2513,2516.7,2522.35,883144,22331.22
01-09-2014,2525.4,2560,2523.05,2538.75,2537.15,405074,10306.48
02-09-2014,2545.8,2554.8,2514.1,2542,2537.9,703970,17891.05
03-09-2014,2539,2616,2539,2602.9,2606.4,1530845,39775.9
04-09-2014,2622,2627.45,2577.45,2577.65,2584.75,850799,22075.74
05-09-2014,2599.9,2621.8,2583.05,2595.5,2598.6,733530,19073.75
08-09-2014,2612,2650,2599.05,2640,2642.7,848671,22315.3
09-09-2014,2652,2667,2625.1,2631,2631.25,709049,18716.3
10-09-2014,2638,2642.75,2591.2,2609.1,2600.15,629384,16479.23
11-09-2014,2610,2624.4,2591.5,2599,2598.35,537811,14003.32
12-09-2014,2610,2624.35,2593.2,2609.85,2607.6,598105,15605.04
15-09-2014,2614,2618.6,2554,2559.95,2558.3,575772,14799.69
16-09-2014,2566,2575,2544,2557.05,2550.85,767804,19630.23
17-09-2014,2561,2604.75,2561,2591,2591.2,828850,21438.84
18-09-2014,2591.7,2651.8,2581,2631,2642.3,741539,19483.09
19-09-2014,2643,2740,2642,2700,2714.2,1793932,48611.71
22-09-2014,2714,2734,2676.25,2728,2721.8,499792,13503.59
23-09-2014,2724,2782.45,2683.3,2694,2688.2,1027995,27979.79
24-09-2014,2693,2706.95,2632.75,2651.25,2643,1221066,32444.59
25-09-2014,2660.95,2725,2660,2715,2708.6,1236579,33398.34
26-09-2014,2710,2724.9,2670.1,2685,2684,806356,21700.25
29-09-2014,2695.4,2775.45,2675.3,2774,2767.95,1044767,28736.09
30-09-2014,2772.95,2776.65,2708.15,2736.95,2736.6,1394477,38195.87
01-10-2014,2752,2802,2737,2775,2775.6,1071011,29766.72
07-10-2014,2739.6,2839.7,2725.6,2730.9,2731.35,1728837,47951.5
08-10-2014,2738,2739.95,2649.25,2688,2683.2,981221,26302.54
09-10-2014,2708,2723.3,2686.5,2710.1,2706.05,842588,22802.93
10-10-2014,2706,2727.45,2668.5,2679,2678.5,1172181,31586.01
13-10-2014,2680,2724.8,2670,2718.2,2716.55,1104766,29922.2
14-10-2014,2730,2735.7,2678.8,2702.25,2699.2,1184703,31961.16
16-10-2014,2730,2758.6,2664.25,2680.45,2678.1,1924007,52267.18
17-10-2014,2475,2511.35,2430,2433,2441.15,4946406,122181.59
20-10-2014,2490,2493.6,2417.95,2425.5,2423.3,1699621,41490.24
21-10-2014,2425.85,2443.75,2415,2435,2433.4,975366,23689.96
22-10-2014,2485,2489,2445.1,2452.6,2451.85,1033832,25385.85
23-10-2014,2465,2468,2455,2464,2465.35,156299,3850.57
27-10-2014,2519,2519.7,2444.95,2458.15,2457.15,1398604,34507.27
28-10-2014,2484.9,2484.9,2453.45,2479.2,2478.6,1144979,28301.84
29-10-2014,2475,2514,2473,2504,2506.05,1212508,30238.08
30-10-2014,2521.8,2574.9,2509,2563,2558.2,2055646,52426.3
31-10-2014,2561,2620,2561,2614.55,2607.85,1585035,41101.93
03-11-2014,2649,2649,2580.5,2596,2590.35,1270816,33096.58
05-11-2014,2638,2638,2590,2605,2599.5,1155321,30049.48
07-11-2014,2604.8,2615.7,2557,2570,2572.85,1063370,27387.68
10-11-2014,2575.1,2582,2551,2575,2569.65,770982,19759.65
11-11-2014,2578,2594,2555.4,2574.4,2580.7,624970,16101.78
12-11-2014,2580,2611,2575,2595,2591.75,660291,17160.66
13-11-2014,2595,2604.9,2565.15,2590,2588.45,822770,21276.31
14-11-2014,2585.2,2611.15,2575,2598.95,2606.45,728587,18896.44
17-11-2014,2595.1,2625,2592.25,2615,2618.3,785276,20492.85
18-11-2014,2620,2626.65,2579.75,2585.7,2585.85,733513,19056.57
19-11-2014,2598,2598,2557.45,2577.8,2573.75,932873,23983.06
20-11-2014,2588,2610.25,2560.55,2608.5,2605.45,897693,23245.23
21-11-2014,2608,2640,2586.65,2615.05,2622.15,1000797,26167.12
24-11-2014,2622,2665,2622,2662,2657.7,971383,25704.43
25-11-2014,2660,2679.4,2616,2647.2,2636,1185842,31284.82
26-11-2014,2630.05,2656.35,2615,2625.15,2627.3,792400,20838.65
27-11-2014,2627.3,2668,2625.3,2658,2653.3,866209,22885.72
28-11-2014,2658.35,2691.9,2635.35,2642.6,2643,994884,26396.99
01-12-2014,2650.5,2700,2645.25,2691.9,2692.95,948177,25456.2
02-12-2014,2693,2710.95,2649.35,2651.4,2657.3,718286,19264.97
03-12-2014,2671.9,2673.4,2618.5,2635.15,2635.35,1547335,40777.29
04-12-2014,2664,2667,2629.9,2642,2637.95,642654,16987.8
05-12-2014,2640.9,2649.8,2572.15,2575,2578.95,1179838,30553.32
08-12-2014,2595,2595,2501.65,2515.7,2512.8,1616287,40762.99
09-12-2014,2516,2559,2509.1,2511.65,2514.85,1243970,31507.9
10-12-2014,2515,2531.9,2496.2,2506.7,2507.9,1043985,26229.6
11-12-2014,2500.6,2522.9,2487,2496.65,2492.15,969411,24290.18
12-12-2014,2500,2520,2422.65,2455,2450.7,1190393,29275.64
15-12-2014,2384.9,2385,2352.25,2365,2358.65,1743894,41341.48
16-12-2014,2350,2459.25,2345,2449,2443.05,1669570,40517.31
17-12-2014,2453.4,2470,2405.25,2449,2444.1,1143538,27964.19
18-12-2014,2455.1,2468.5,2434.8,2454,2460.7,740722,18174.17
19-12-2014,2471.3,2523.75,2468,2521.95,2510.55,951565,23821.41
22-12-2014,2526,2529,2474.4,2513.65,2513.4,821977,20513.78
23-12-2014,2500,2536.65,2494.6,2517,2516.7,633238,15921.11
24-12-2014,2515,2520.85,2465.65,2485,2479.9,1644486,40870.36
26-12-2014,2486,2510,2465,2509.35,2505,313103,7791.43
29-12-2014,2508,2536.95,2507,2521.4,2522.9,389460,9823.96
30-12-2014,2525,2542.45,2516,2530,2530.05,350671,8872.56
31-12-2014,2532.7,2566.4,2525,2564,2558.25,786896,20026.76
01-01-2015,2567,2567,2541,2550,2545.55,183415,4674.34
02-01-2015,2551,2590.95,2550.6,2588.4,2579.45,462870,11887.4
05-01-2015,2581,2599.9,2524.65,2538.1,2540.25,877121,22488.86
06-01-2015,2529.1,2529.1,2440,2450.05,2446.6,1211892,29896.15
07-01-2015,2470,2479.15,2407.45,2426.9,2417.7,1318166,32083.62
08-01-2015,2442.4,2449,2420.55,2446,2443.8,782704,19057.39
09-01-2015,2455,2519.9,2450,2510,2512.3,1598821,39810.82
12-01-2015,2517,2528,2480.25,2527.95,2509.7,798003,19932.66
13-01-2015,2520,2530.4,2480.1,2498,2497.9,734216,18424.4
14-01-2015,2516,2531.8,2500.5,2525.05,2521.95,893548,22495.46
15-01-2015,2533,2581.75,2523.25,2542.05,2539.1,2504960,63900.76
16-01-2015,2543.7,2545,2484.3,2526,2532.15,2646915,66474.44
19-01-2015,2536,2551,2503,2509,2511,567537,14279.54
20-01-2015,2520,2530,2483.25,2498,2500.45,1029283,25721.21
21-01-2015,2522,2522,2488.25,2518,2513.8,1155240,28970.55
22-01-2015,2516.5,2521.25,2495.5,2511,2513.55,1056607,26513.55
23-01-2015,2514,2532.05,2496.1,2504.1,2503.6,1575190,39495.3
27-01-2015,2512.35,2515,2489.55,2504.2,2502.05,1369368,34265.1
28-01-2015,2503,2544.9,2502.9,2533.4,2539.6,1560990,39482.4
29-01-2015,2538,2568.7,2512.9,2560.7,2544.65,1867196,47275.2
30-01-2015,2560.7,2575,2470,2484,2482.05,2908701,72570.25
02-02-2015,2482,2521.45,2462.05,2516,2514.2,1590901,39782.11
03-02-2015,2511.65,2565,2507.1,2552.25,2558.25,1172527,29737.93
04-02-2015,2568,2571.7,2502.1,2514.95,2514.3,1122709,28326.87
05-02-2015,2520,2591.7,2519,2553,2552.4,2265084,57943.86
06-02-2015,2553,2594.8,2550.85,2576.1,2575.75,1068208,27542.65
09-02-2015,2561.5,2569.1,2500,2512,2512.9,1038216,26285.85
10-02-2015,2510,2526.25,2433,2445.5,2441.15,1899527,46992.01
11-02-2015,2455.05,2487.25,2447.25,2460,2459.9,1468761,36262.83
12-02-2015,2479.8,2479.8,2447,2469,2462.15,1553990,38267.87
13-02-2015,2470,2547.75,2460.25,2540,2538.75,2079163,52155.63
16-02-2015,2560,2595,2555,2581.7,2584.8,1182196,30464.92
18-02-2015,2585.05,2643,2565.25,2640,2635.65,1330007,34647.16
19-02-2015,2636,2687.3,2635,2674.55,2681.05,1309001,34825.64
20-02-2015,2698.8,2698.8,2642.25,2664.65,2675.55,900794,24074.23
23-02-2015,2671,2722,2671,2700,2696.65,807446,21816.6
24-02-2015,2694,2730,2679,2699.35,2704.75,1099961,29801.86
25-02-2015,2710,2722,2667.85,2669.7,2672.2,883997,23816.3
26-02-2015,2679,2692.75,2625.35,2649.5,2656.45,995997,26446.8
27-02-2015,2659.45,2675.75,2616.3,2668,2662.35,1438688,38094.21
28-02-2015,2677,2687.1,2643,2679.55,2675.25,589498,15728.49
02-03-2015,2679.7,2708.95,2652.55,2673.95,2669.4,1088019,28995.36
03-03-2015,2682,2790,2676.15,2785.1,2776,1712154,47055.77
04-03-2015,2788,2812.1,2715.65,2740,2746,1931497,53368.06
05-03-2015,2750,2770.7,2681.05,2690.1,2696.45,1086757,29490.13
09-03-2015,2640,2679.8,2610,2649,2646.8,1441587,38169.22
10-03-2015,2648.9,2678.25,2595.25,2638.85,2642.7,1518526,39979.41
11-03-2015,2642,2659.95,2597.8,2605.15,2606.55,1120100,29379.09
12-03-2015,2623.9,2624.9,2590.1,2618.2,2619.05,913818,23821
13-03-2015,2638,2639.95,2575,2585,2582.35,793419,20587.21
16-03-2015,2585.2,2610,2552,2560.6,2562.3,778148,20075.32
17-03-2015,2582.5,2606.7,2557.75,2583.65,2583.7,633659,16365.27
18-03-2015,2590.95,2599.45,2551.7,2556,2559.35,627585,16077.85
19-03-2015,2576,2605.85,2568.1,2602,2596.25,1224482,31793.03
20-03-2015,2596,2618,2578.85,2610.85,2610.95,981954,25614.23
23-03-2015,2616,2631,2606,2616,2617.15,783304,20496.95
24-03-2015,2630,2637,2582.1,2600,2591.3,1197439,31344.09
25-03-2015,2591.4,2614,2545.2,2569.85,2573.75,1112429,28648.27
26-03-2015,2553.3,2586.7,2501,2515,2513.1,1545821,39196.65
27-03-2015,2531,2571.9,2504.1,2519.9,2514.8,1375888,34902.57
30-03-2015,2525,2569.9,2520,2554.2,2564.15,669503,17046.75
31-03-2015,2569.45,2569.45,2521,2560,2553.95,1213514,30922.15
01-04-2015,2558,2563.6,2522.25,2544.05,2542.65,1037879,26349.81
06-04-2015,2558,2562.9,2500.1,2548.3,2547.3,784271,19854.05
07-04-2015,2562.45,2599,2544,2588.95,2585,943461,24261.11
08-04-2015,2594,2656.5,2590.85,2646,2641.4,826067,21742.08
09-04-2015,2659,2687.45,2635.15,2662.6,2664.55,1272225,33820.18
10-04-2015,2648.5,2670.8,2628,2651.1,2653.75,907772,24041.35
13-04-2015,2664,2665,2628,2653.85,2655.5,654321,17340.11
15-04-2015,2654.7,2713.9,2609.4,2618.95,2627.75,1456967,38555.13
16-04-2015,2626.95,2627,2571.35,2574,2582.8,1608785,41664.16
17-04-2015,2557.1,2560,2470,2473.9,2474.85,4834371,120643.5
20-04-2015,2480.05,2483.9,2424.85,2426,2428.8,1445361,35259.03
21-04-2015,2428.8,2452,2401,2427.05,2427.05,1273016,30944.65
22-04-2015,2431.5,2473,2407.55,2470.6,2445.1,2093406,50833.42
23-04-2015,2472,2479.8,2431.7,2455,2457.25,2171495,53436.38
24-04-2015,2455.3,2514,2447.55,2509.6,2493.05,1812579,45101.46
27-04-2015,2499.5,2520,2486,2500,2500.2,1366526,34182.8
28-04-2015,2510,2510,2455.1,2493,2495,1544149,38251.06
29-04-2015,2484,2495,2451.05,2481,2487.3,1009810,24965.59
30-04-2015,2480,2490,2427.1,2476,2463.7,1869027,45997.78
04-05-2015,2491,2504.8,2457.2,2482.25,2481.55,945315,23407.37
05-05-2015,2501,2536.45,2500,2519,2517.85,1627535,40996.61
06-05-2015,2515,2515,2455.8,2463,2463.05,1697203,41894.77
07-05-2015,2464.9,2553.75,2453.7,2550,2545.25,1602514,40425.58
08-05-2015,2560,2588,2516.3,2530,2527.25,1501832,38327.85
11-05-2015,2535,2563.05,2525,2559,2556,1286541,32807.65
12-05-2015,2560,2565,2513,2523.95,2522.9,1233693,31149.58
13-05-2015,2547,2547,2480.45,2523.1,2515.4,931887,23394.42
14-05-2015,2520,2520,2485,2499,2499.25,654525,16330.96
15-05-2015,2515,2532.4,2501,2511,2511.15,730727,18357.13
18-05-2015,2514.1,2525.25,2497.1,2515.15,2520.4,2253876,56468.91
19-05-2015,2519.4,2530,2496.75,2512,2512.7,978861,24588.74
20-05-2015,2520,2569.9,2516.9,2557,2557.05,948907,24197.9
21-05-2015,2557,2580,2548.15,2551.9,2555.5,789789,20264.64
22-05-2015,2550,2628.75,2539.25,2621.8,2617.9,1345816,34919.06
25-05-2015,2620,2636.9,2585.7,2600.05,2601,491489,12808.34
26-05-2015,2605,2623.25,2588.9,2614.95,2608.85,980870,25602.41
27-05-2015,2608,2633.15,2592,2610,2615.25,810345,21196.62
28-05-2015,2603.9,2623,2582.25,2615.9,2609.5,1381804,36018.1
29-05-2015,2617,2648.6,2597.25,2621.55,2610.3,2211766,57826.96
01-06-2015,2609.45,2647.1,2608.35,2615.2,2617.75,441132,11568.4
02-06-2015,2616,2630,2590.5,2605,2599.9,1967910,51274.72
03-06-2015,2604,2625.6,2590.5,2612,2610.9,902342,23565.52
04-06-2015,2617.1,2622.8,2588.5,2600.2,2605.65,2065734,53849.74
05-06-2015,2592,2609,2570,2577.5,2575.85,1154267,29820.66
08-06-2015,2590,2590,2561.65,2580,2577.45,785160,20227.89
09-06-2015,2585,2590,2551,2561.95,2561.65,1289457,33197.36
10-06-2015,2566,2610,2563.8,2600,2600.75,1381675,35738.03
11-06-2015,2605.5,2613,2556.75,2564.25,2571.3,923668,23876.98
12-06-2015,2571.9,2588.95,2476.8,2520,2505.8,1285728,32486.52
15-06-2015,2505.3,2520.45,2481,2509.5,2504.8,1262588,31603.35
16-06-2015,2500,2519.3,2494.45,2508,2512,633698,15910.26
17-06-2015,2521,2529.15,2501.8,2512,2513.8,987860,24855.04
18-06-2015,2515,2546.3,2508,2522,2530.05,1082523,27421.24
19-06-2015,2535,2555,2527.1,2550,2549.55,999805,25462.96
22-06-2015,2547,2600,2547,2598.3,2591.5,551001,14254.95
23-06-2015,2600,2608,2567.2,2585.9,2574.6,449159,11597.4
24-06-2015,2580,2587.9,2558.85,2568.7,2570.3,585123,15056.52
25-06-2015,2562,2573,2544.15,2552,2550,965496,24656.82
26-06-2015,2550.2,2596.35,2550.2,2590.1,2592.8,645051,16641.12
29-06-2015,2572,2604,2543.4,2599,2592.9,686378,17637.68
30-06-2015,2585,2588.75,2540,2555,2550.95,774976,19816.34
01-07-2015,2563.9,2608,2556.75,2600,2593.1,639854,16536.44
02-07-2015,2600,2602.95,2571.05,2582,2577.75,722940,18679.4
03-07-2015,2573.05,2610,2570,2603.1,2603.9,481735,12501.9
06-07-2015,2580.3,2645,2580.3,2629.7,2633.3,591169,15449.99
07-07-2015,2632.75,2646.9,2603,2623.9,2616.25,821418,21585.1
08-07-2015,2597.95,2621.7,2580.5,2591.7,2595.1,1333925,34637.45
09-07-2015,2595,2598.25,2506.65,2529.35,2522.5,1967061,49970.69
10-07-2015,2559,2559,2455,2467,2474.35,4131827,102859.9
13-07-2015,2475.4,2518.6,2475.4,2506.1,2509.55,1140154,28529.46
14-07-2015,2511,2515,2490,2498.85,2499.5,851637,21287.67
15-07-2015,2501,2549.95,2500,2548,2545.75,1001830,25391.69
16-07-2015,2543.7,2558.85,2526.6,2534.9,2540.2,728304,18524.69
17-07-2015,2546.8,2570.1,2543.3,2563.25,2564.4,535263,13692.12
20-07-2015,2564,2583.9,2551.9,2579.95,2579.15,426893,10977.74
21-07-2015,2576,2600.35,2555.1,2561.7,2561.4,637250,16408.75
22-07-2015,2561,2569,2521.05,2530.9,2528.05,660314,16721.8
23-07-2015,2517.5,2537.85,2483,2492.05,2488.6,748390,18749.16
24-07-2015,2497.5,2516.5,2492.1,2507.1,2505.15,787486,19735.08
27-07-2015,2488,2505,2481.15,2501.15,2497.05,1001869,25015.78
28-07-2015,2499.5,2519,2492.15,2509.7,2502.05,945594,23729.48
29-07-2015,2511,2515.05,2483.5,2515,2506.75,1206659,30186.72
30-07-2015,2516.05,2516.8,2472.8,2472.8,2480.65,1385287,34497.83
31-07-2015,2489.9,2519,2487,2511.45,2510.75,981888,24569.07
03-08-2015,2503.4,2525,2500.9,2508,2509.6,589662,14824.92
04-08-2015,2510.4,2523,2486,2510,2508.9,1171346,29287.37
05-08-2015,2520,2550,2511,2544.55,2547.15,494497,12556.52
06-08-2015,2565,2583,2550.1,2569.3,2573.3,1105683,28374.61
07-08-2015,2573,2573,2547,2559,2552.05,594253,15204.58
10-08-2015,2572,2589,2556.6,2575,2572.1,715591,18437.02
11-08-2015,2578,2610,2542.1,2600.8,2604.2,1100153,28555.27
12-08-2015,2603.1,2691.4,2602,2670,2671.7,1739892,46254.6
13-08-2015,2670,2684,2556,2638.35,2635.6,703213,18650.57
14-08-2015,2638,2719.35,2637.1,2692.05,2703.2,1146982,30840.16
17-08-2015,2690.1,2696.8,2655,2685.9,2684.75,386822,10342.08
18-08-2015,2706.9,2749.9,2690,2745.95,2740.9,958463,26229.85
19-08-2015,2750,2752.85,2721.9,2727,2733.6,845035,23146
20-08-2015,2745,2745,2672,2686.5,2686.85,1174649,31747.72
21-08-2015,2712,2729.9,2655.1,2671,2676.15,1768040,47459.43
24-08-2015,2639,2645,2569.1,2586,2578.65,2346172,60999.28
25-08-2015,2587.9,2622,2535.5,2564.8,2567.15,1962900,50537.51
26-08-2015,2558.05,2639,2511.95,2579.8,2576.75,1608079,41680.33
27-08-2015,2614.9,2614.9,2545.8,2567,2574.65,2632399,67729.16
28-08-2015,2609,2609,2557.7,2563.1,2570.85,1372076,35425.85
31-08-2015,2590,2590,2531.05,2575,2564.05,1846022,47369.45
01-09-2015,2556,2611.2,2530,2533.2,2537.4,1493801,38457.9
02-09-2015,2559.7,2620.45,2548,2600,2591.8,1882975,48865.23
03-09-2015,2596.1,2615,2576.25,2606,2605.6,1132537,29386.6
04-09-2015,2611.4,2614.9,2539.15,2544,2547.45,1213198,31166.52
07-09-2015,2553,2559.95,2532.7,2539.6,2539.75,879592,22398.83
08-09-2015,2545,2564.1,2523.5,2540.3,2540.3,893873,22709
09-09-2015,2562.95,2574,2544,2551,2549.75,1022538,26156.92
10-09-2015,2542,2578.5,2527,2550,2545.4,1332909,34040.2
11-09-2015,2546.5,2568.4,2540.6,2549.8,2552,796336,20335.17
14-09-2015,2565,2565,2543,2548,2551.65,794659,20287.5
15-09-2015,2551.65,2558.9,2536,2537.25,2547.6,689950,17585.84
16-09-2015,2555,2565,2541.05,2548,2550.35,878408,22432.76
18-09-2015,2565,2586,2539,2545,2551.25,1227647,31491.41
21-09-2015,2550,2557.1,2533.2,2555.65,2551.05,554420,14114.3
22-09-2015,2557.5,2572.4,2490,2522.55,2526.8,1040623,26485.36
23-09-2015,2534.3,2557.75,2512.6,2534.6,2532.65,614176,15559.32
24-09-2015,2535.5,2590,2529.9,2579,2580.4,1177127,30155.63
28-09-2015,2594,2619,2579.5,2600,2593.7,1183406,30808.21
29-09-2015,2583.35,2634,2569.85,2592,2588.25,1662976,43299.46
30-09-2015,2643.7,2643.7,2570.95,2585,2588.05,1684168,43552.27
01-10-2015,2599,2649.95,2592.2,2641.1,2644.6,1417204,37279.14
05-10-2015,2652.7,2770,2652.7,2719.9,2711.65,2403653,65172.48
06-10-2015,2725,2726,2684,2686.2,2700,1989795,53821.89
07-10-2015,2693.95,2717,2646.95,2655,2653.95,1032765,27657.31
08-10-2015,2670,2678.35,2620,2631.9,2633.8,1178775,31150.49
09-10-2015,2650.5,2650.6,2608,2630,2629.65,1124862,29570.73
12-10-2015,2655,2660.35,2587,2597.7,2592.6,1227956,32076.25
13-10-2015,2602.8,2612,2567.6,2586.85,2598.55,3089856,80015.36
14-10-2015,2548,2548,2480,2480.9,2483.7,4168564,104322.2
15-10-2015,2490,2503.5,2465,2468.8,2467.75,1607855,39845.12
16-10-2015,2480.9,2492,2470,2472,2473.75,1166914,28914.52
19-10-2015,2490,2494.95,2455.85,2493.95,2488.75,1565321,38724.5
20-10-2015,2496.25,2530,2495.6,2523.2,2526.75,1347542,33970.9
21-10-2015,2535,2542,2522.25,2526,2530,964844,24434.49
23-10-2015,2548,2548,2527.3,2536.95,2537.15,1167699,29597.13
26-10-2015,2549,2549,2515.1,2540,2536.55,707315,17896.22
27-10-2015,2530.05,2544.9,2520.35,2528.9,2531.1,765210,19370.67
28-10-2015,2510.05,2533.55,2510.05,2528,2529.1,627671,15843.12
29-10-2015,2533.55,2535.4,2490.05,2496,2495.35,1565158,39129.86
30-10-2015,2500,2511.9,2485,2500,2495.2,758348,18927.87
02-11-2015,2500,2522.8,2487.55,2518,2517.35,659647,16543.69
03-11-2015,2528,2547.8,2518.5,2538.85,2543.45,682453,17313.03
04-11-2015,2545,2547.2,2520,2526.75,2533.8,495717,12552.9
05-11-2015,2530.8,2534.95,2480,2485,2482.65,798049,19926.77
06-11-2015,2492,2518.25,2483.45,2505.2,2505.75,454012,11384.53
09-11-2015,2495,2502.75,2468.6,2474,2471.35,1010778,25045.9
10-11-2015,2472.95,2477,2450,2455,2458.15,680960,16774.08
11-11-2015,2475,2475,2450,2472,2468.8,67582,1667.55
13-11-2015,2438.05,2438.05,2386.55,2396,2397.4,1371616,32991.55
16-11-2015,2390,2390,2356,2376,2374.6,1021764,24232.38
17-11-2015,2380.5,2398.45,2375,2390,2390.55,992514,23679.89
18-11-2015,2388.9,2388.9,2346,2349.65,2351.45,760176,17927.17
19-11-2015,2365.35,2381.6,2352,2367,2362.55,933453,22086.81
20-11-2015,2366.5,2423.55,2361.95,2394.5,2398.35,1006063,24177.9
23-11-2015,2405.3,2413.4,2382.25,2389.3,2391.05,544041,13044.05
24-11-2015,2380.05,2392.45,2365.5,2366,2367.95,499320,11876.95
26-11-2015,2377.9,2382.4,2337.85,2346,2345.55,1457646,34335.09
27-11-2015,2348,2359.45,2332.5,2354.95,2353.35,868603,20400.86
30-11-2015,2365,2391.25,2350.15,2373.55,2364.7,2050024,48487.45
01-12-2015,2362.9,2378.05,2357.05,2359.75,2361.9,860997,20352.67
02-12-2015,2378,2378.1,2346.5,2367,2365.2,820148,19378.96
03-12-2015,2360,2373,2347,2350,2350.75,1141679,26904.68
04-12-2015,2340,2347.3,2321.1,2330,2328.4,623046,14517.47
07-12-2015,2332.2,2343.9,2315.25,2321,2319.8,691302,16053.9
08-12-2015,2319.4,2349,2317.3,2326.25,2329,569982,13297.39
09-12-2015,2337.9,2372.8,2320,2370,2367.65,2641403,62369.54
10-12-2015,2369,2391.2,2352,2380.95,2384.55,861994,20470.84
11-12-2015,2383,2391.95,2363.25,2383.15,2386,826189,19697.46
14-12-2015,2335.2,2387,2330.6,2375,2378.45,1359266,32144.43
15-12-2015,2378.45,2385,2363.05,2379.5,2375.85,567934,13488.59
16-12-2015,2384,2414.5,2384,2407.5,2408.4,717967,17246.09
17-12-2015,2415,2445,2393.35,2434.1,2439.75,809422,19576.47
18-12-2015,2420,2434.2,2400.65,2409.8,2416.8,1512485,36541.98
21-12-2015,2419.95,2450,2406.85,2443,2446.4,805052,19549.89
22-12-2015,2440,2440,2400,2407,2405.05,780429,18834.3
23-12-2015,2415,2435,2410.55,2418.8,2425.8,424917,10304.49
24-12-2015,2421,2438.2,2404,2435,2434.25,421580,10219.24
28-12-2015,2428,2466.4,2420.2,2456.95,2462.7,1852099,45468.96
29-12-2015,2458.35,2465.3,2445.75,2449.35,2455.8,854262,20948.75
30-12-2015,2453.05,2459,2412.3,2421.7,2418.3,802881,19606.82
31-12-2015,2415.75,2448.5,2407.5,2430,2436.85,620159,15063.03
01-01-2016,2439,2439,2412.25,2414.1,2416.4,356131,8631.65
04-01-2016,2410.15,2414,2366.05,2373,2369.6,935092,22271.61
05-01-2016,2385,2386.6,2341,2349.85,2348.95,1339010,31514.09
06-01-2016,2350.2,2386.15,2350.2,2382,2381.6,1326614,31496.27
07-01-2016,2370,2382.9,2360,2379,2371.25,1599790,37878.37
08-01-2016,2385,2407.35,2372.5,2400.8,2397.6,953772,22853.14
11-01-2016,2382.5,2384,2348.85,2362.8,2362.35,1465114,34600.59
12-01-2016,2362.7,2365,2301.6,2317,2327.05,1741297,40496.99
13-01-2016,2317,2327,2255.1,2280,2279.2,2373046,54199.74
14-01-2016,2273,2298.9,2250,2280.05,2278.8,1371026,31262.31
15-01-2016,2288.85,2291.7,2255,2265.25,2261.1,1634704,37070.78
18-01-2016,2262,2291.9,2260,2280,2277.65,1106961,25255.15
19-01-2016,2277,2300,2268.3,2288,2279.3,483955,11020.9
20-01-2016,2273.8,2285,2243,2280,2280.1,807977,18327.52
21-01-2016,2285,2289.9,2245.75,2258,2254.5,1337768,30217.16
22-01-2016,2273,2302.05,2260,2290,2295.75,671589,15381.22
25-01-2016,2301.9,2339,2291.5,2301.7,2304.65,698780,16195.18
27-01-2016,2302,2329.95,2281.9,2317,2319.75,813493,18846.49
28-01-2016,2315.5,2348.9,2308.05,2345,2331.2,1553330,36257.95
29-01-2016,2358.7,2400,2335.05,2386.1,2391.3,1117872,26520.58
01-02-2016,2391.1,2412.95,2359,2395.35,2402.7,747637,17965.24
02-02-2016,2409,2433,2379.7,2382,2398.1,737794,17821.75
03-02-2016,2387.5,2429.9,2360.3,2424.8,2416.3,654346,15719.96
04-02-2016,2421.9,2440,2402,2423,2420.05,625023,15125.52
05-02-2016,2408.1,2439.95,2408.1,2424,2421.95,701498,17018.26
08-02-2016,2400,2412.05,2347,2354.3,2362.95,531829,12684.17
09-02-2016,2333.6,2333.6,2255.6,2280.7,2281.4,1244805,28339.78
10-02-2016,2275,2289.9,2258.1,2283,2268.8,945366,21473.78
11-02-2016,2280,2289,2171.65,2179.35,2197.95,981204,21893.32
12-02-2016,2200,2243.4,2164,2226.3,2226.6,1086284,24055.41
15-02-2016,2250,2306.85,2240,2262,2269.15,1239856,28244.8
16-02-2016,2266,2282,2243,2262.5,2265.55,794351,17954.56
17-02-2016,2265,2279.65,2246.4,2279.65,2275.55,792589,17954.55
18-02-2016,2285,2319.75,2278,2312.1,2315.85,764570,17593.39
19-02-2016,2307.35,2327,2305.45,2314.9,2319.65,439506,10185.34
22-02-2016,2320.25,2343,2305,2325,2315.9,662442,15435.33
23-02-2016,2310.25,2319.9,2256.75,2258.1,2264,653426,14880.24
24-02-2016,2262.45,2262.45,2201.2,2216,2210.95,829664,18504.52
25-02-2016,2219.8,2228,2185.65,2224.2,2212.85,915278,20180.49
26-02-2016,2229.7,2256.9,2199.6,2219.9,2210.5,768768,17051.54
29-02-2016,2237,2237,2115,2172,2176.8,1095859,23943.99
01-03-2016,2193,2285.1,2162,2281,2276.65,999880,22575.17
02-03-2016,2305,2330,2256.25,2320.1,2318.85,763743,17480.82
03-03-2016,2336,2391,2301,2369.4,2373.15,1324142,31201.1
04-03-2016,2380,2380,2349.55,2369.85,2357.55,756483,17872.09
08-03-2016,2342.1,2367,2304.2,2351,2354.3,634076,14855.47
09-03-2016,2341,2369.4,2295.15,2360,2357.25,1008892,23473.66
10-03-2016,2356.05,2359.85,2314.95,2347,2348.3,830833,19352.29
11-03-2016,2340,2390.85,2335,2360,2365.25,765264,18131.61
14-03-2016,2362,2398,2340,2346.1,2355,818371,19324.84
15-03-2016,2349.05,2363.5,2320.1,2330.25,2329.9,811678,18938.65
16-03-2016,2315,2332,2306.9,2323.55,2327.05,959123,22253.15
17-03-2016,2334,2361.8,2332,2349,2352.05,1110544,26073.91
18-03-2016,2360,2430,2360,2421.4,2425.85,1602035,38586.69
21-03-2016,2426,2454.95,2420,2449.05,2446.25,1168491,28449.19
22-03-2016,2442,2485,2436.5,2470.65,2473.1,975992,23972.4
23-03-2016,2487.9,2487.9,2457.3,2479.6,2473.8,1139217,28173.12
28-03-2016,2491,2517.15,2461.55,2476,2473.4,1660441,41145.83
29-03-2016,2478,2486.95,2455,2462.4,2469.4,919398,22732.05
30-03-2016,2470.9,2505,2460,2490,2489.5,1068252,26601.39
31-03-2016,2478.3,2550,2472.15,2530,2520.3,2181982,54777.53
01-04-2016,2505,2520.85,2434.1,2458,2453.9,1520700,37530.29
04-04-2016,2456,2488,2447,2476.4,2471.25,876176,21576.34
05-04-2016,2470.8,2484.9,2442.05,2460,2462.75,745897,18347
06-04-2016,2470,2489,2459.35,2481,2481.9,881575,21842.55
07-04-2016,2480,2484.7,2457,2466.25,2470.8,1195471,29536.4
08-04-2016,2466,2473.7,2427,2432,2432.05,699750,17063.55
11-04-2016,2433,2517,2413,2506.05,2506.65,1200324,29488.46
12-04-2016,2498,2525,2488.1,2520.05,2518.15,651814,16313.15
13-04-2016,2530,2545,2512.5,2528,2526.2,800734,20217.37
18-04-2016,2453,2553.5,2440,2522.4,2519.75,3560752,88867.6
20-04-2016,2534.9,2534.9,2440,2453,2450.35,3202512,79169.58
21-04-2016,2451,2467.4,2412.2,2418.2,2424.4,1262862,30816.73
22-04-2016,2419,2435.4,2404.2,2423.4,2417.05,982063,23768.31
25-04-2016,2402.3,2457.05,2402.3,2453,2451.25,1133827,27683.89
26-04-2016,2449,2493.5,2442,2488,2489.8,1277184,31592.55
27-04-2016,2480,2514.6,2475.9,2511.5,2511.1,924335,23129.81
28-04-2016,2501.3,2540,2498.1,2527,2527.75,2496372,63060.21
29-04-2016,2517,2542,2510,2540.1,2535.5,1186089,29998.74
02-05-2016,2529,2530,2500,2525.1,2526.7,558346,14049.47
03-05-2016,2525,2530,2472,2473.9,2478.1,1076559,26872.84
04-05-2016,2473.9,2494.05,2457,2478,2478,682446,16872.77
05-05-2016,2478,2489.95,2463.55,2469.3,2470.3,623283,15410.49
06-05-2016,2465,2484.3,2431,2479,2473.4,442799,10877.79
09-05-2016,2473.4,2518,2456.4,2514.6,2512.55,910638,22758.85
10-05-2016,2515,2533.95,2496,2522.9,2522.9,579267,14572.24
11-05-2016,2500,2525.6,2490,2524.8,2518.3,799358,20096.48
12-05-2016,2520.55,2569.9,2520.55,2566,2566.2,756541,19325.91
13-05-2016,2565,2566,2510.15,2525,2523.4,810865,20517.19
16-05-2016,2538,2564.8,2522.5,2552.75,2551.15,555763,14135.23
17-05-2016,2564.2,2591.25,2552,2570,2570.2,878349,22598.58
18-05-2016,2565.85,2565.85,2526.05,2553,2551.1,750370,19084.12
19-05-2016,2555,2560,2526.1,2555,2556.95,519396,13236.92
20-05-2016,2542.3,2565.8,2522.8,2529.9,2529.3,615459,15650.58
23-05-2016,2544,2545.9,2480.2,2483,2491.45,766508,19240.37
24-05-2016,2484,2488.25,2459.6,2468.6,2467.7,669579,16522.76
25-05-2016,2481,2532.95,2481,2520.95,2526.45,774339,19467.84
26-05-2016,2530,2564.9,2505.1,2560,2548.7,971624,24652.03
27-05-2016,2553.15,2579.85,2550.6,2577,2572.65,552338,14178.15
30-05-2016,2583,2641.95,2582,2636.05,2636.4,674732,17661.12
31-05-2016,2640,2647,2562,2567.5,2569.4,1861304,48047.09
01-06-2016,2571.2,2645,2571,2633.9,2633.55,955971,25094.71
02-06-2016,2600,2654.3,2600,2654,2650.15,704378,18566.99
03-06-2016,2651.4,2658,2620.5,2628,2629.55,777461,20461.79
06-06-2016,2620.5,2639,2603.2,2610,2612.5,661013,17309.2
07-06-2016,2614,2639,2613,2631.6,2631.15,601097,15800.55
08-06-2016,2617.25,2628.55,2605.5,2615,2613.1,469133,12271.42
09-06-2016,2622.4,2622.4,2555.2,2581.9,2577.25,781069,20160.43
10-06-2016,2566,2603.25,2553.2,2554,2555.75,698416,17960.98
13-06-2016,2540,2553.35,2518,2545.25,2547,514989,13071.71
14-06-2016,2558.95,2558.95,2518.25,2540,2534.85,488785,12373.44
15-06-2016,2530,2564.9,2522,2558.5,2556.85,635422,16144.92
16-06-2016,2545.55,2564.7,2516.45,2557,2558.3,572535,14541.14
17-06-2016,2559,2610,2559,2600,2602.6,939494,24333.37
20-06-2016,2602.6,2668,2591.8,2657,2659.3,936419,24787.79
21-06-2016,2663.5,2665,2641.4,2646,2651.2,513845,13617.28
22-06-2016,2650,2677.7,2631.75,2661.05,2667.65,880856,23432.05
23-06-2016,2655,2659.5,2625.3,2644.45,2645.35,698507,18460.03
24-06-2016,2565.15,2593.2,2514.15,2568,2573.95,1883293,48196.31
27-06-2016,2547,2547,2482.65,2496.7,2495.85,2136283,53389.93
28-06-2016,2495.85,2502.9,2458.4,2464,2463.95,2249762,55774.25
29-06-2016,2475,2512.5,2465.3,2500,2502.9,1265632,31503.12
30-06-2016,2522,2562.9,2500.35,2548.05,2553.1,2560906,64863.14
01-07-2016,2562,2564.6,2494.35,2498.75,2500.85,1098648,27759.11
04-07-2016,2516,2525.85,2482,2485.35,2494.2,941742,23618.13
05-07-2016,2494.2,2497.05,2477.15,2480.2,2485.3,779874,19387.17
07-07-2016,2487.7,2491.85,2425,2428,2429.8,1658400,40665.89
08-07-2016,2435,2442.05,2403.5,2430.1,2426.6,1228178,29794.2
11-07-2016,2430,2471.8,2427,2469,2464.15,771816,18949.4
12-07-2016,2471.7,2475,2435.85,2463.5,2464.95,732768,18002.5
13-07-2016,2478,2499.25,2451.25,2485,2493.1,1051150,26127.36
14-07-2016,2486,2529,2471,2520,2521.9,1349994,33837.03
15-07-2016,2517,2527.8,2426.55,2445,2445.35,4168183,102712.19
18-07-2016,2447,2469,2430.6,2431.15,2433.45,1299425,31766.42
19-07-2016,2427.5,2472.8,2427.5,2466,2466.2,1181448,28973.73
20-07-2016,2450,2502.5,2448.15,2493,2494.95,1407626,35027.09
21-07-2016,2489.5,2519.5,2464.45,2506,2506.05,1263574,31489.24
22-07-2016,2498.9,2524,2492,2514.95,2515.1,758608,19044.87
25-07-2016,2512,2563.2,2505.8,2555,2558.95,844398,21446.39
26-07-2016,2558.95,2568,2533,2550,2552.6,1155645,29443.63
27-07-2016,2555,2580.4,2545,2578,2577.55,875255,22495.14
28-07-2016,2580.5,2629.55,2577.05,2614.2,2619.25,2316040,60257.27
29-07-2016,2614,2634.9,2599,2624.9,2619.3,1244042,32579.01
01-08-2016,2632,2725,2632,2702.6,2708.25,1980852,53417.17
02-08-2016,2702.9,2715.7,2689.8,2703.8,2699.2,1289081,34839.35
03-08-2016,2686,2699,2649.05,2649.05,2656.3,1147351,30593.57
04-08-2016,2670,2682.95,2636.25,2658,2652,707708,18797.62
05-08-2016,2673.9,2684.3,2632,2643.45,2649.1,934242,24825.22
08-08-2016,2640,2668,2629.05,2655,2649.5,1029122,27290.6
09-08-2016,2658,2659.8,2578.85,2654.45,2650.2,1130957,29923.03
10-08-2016,2651,2682,2648,2676,2675.4,1031039,27548.08
11-08-2016,2665.55,2715,2665.55,2706.85,2709.9,1116569,30175.07
12-08-2016,2705,2744.8,2702.05,2740,2738.45,1163679,31801.76
16-08-2016,2738,2740,2673.85,2700,2691.7,1591877,43127.76
17-08-2016,2699,2699,2618,2628,2624.55,924283,24415.37
18-08-2016,2635,2657.55,2630.1,2631,2638.55,646032,17111.07
19-08-2016,2640,2646.45,2600,2602.6,2603.5,1208122,31540.28
22-08-2016,2588,2594.45,2536.3,2553.5,2548.7,1132637,29019.78
23-08-2016,2544.95,2604.95,2540.2,2600.4,2601.05,751687,19494.29
24-08-2016,2589.8,2602,2569.05,2570.65,2572.05,558439,14405.93
25-08-2016,2580,2589.7,2526,2550.35,2551.05,969845,24730.29
26-08-2016,2559.8,2572.55,2517.2,2527.25,2524.95,625157,15859.06
29-08-2016,2534.95,2534.95,2466.75,2508,2500.55,744364,18530.92
30-08-2016,2510,2549.8,2501.25,2544.9,2544.15,722013,18241.67
31-08-2016,2550,2550,2500.85,2514.7,2511.3,1615834,40723.74
01-09-2016,2524.9,2534.95,2487.05,2507.25,2507.5,672868,16871.05
02-09-2016,2512,2519.4,2496.05,2511,2514.8,871165,21866.19
06-09-2016,2519.9,2520.15,2480,2484.7,2484.05,1119533,27899.23
07-09-2016,2499.7,2499.7,2423,2452.1,2440.55,1927020,47477.59
08-09-2016,2360,2360,2284.75,2327.7,2322.1,3510758,81207.74
09-09-2016,2329.7,2366.65,2320.05,2352,2352.45,1371219,32193.7
12-09-2016,2337,2363.95,2324,2358,2359.05,1012227,23837.8
14-09-2016,2362,2377.6,2310,2332,2328.45,1034929,24120.58
15-09-2016,2339.95,2342.1,2316.75,2325,2326.95,1409482,32798.96
16-09-2016,2336.7,2376,2320,2368,2361.7,2179002,51120.9
19-09-2016,2365,2427,2350,2411,2411.45,1401273,33715.15
20-09-2016,2411,2416.9,2385.4,2410,2406.5,592276,14208.97
21-09-2016,2407.7,2424,2400.7,2412,2413.4,839010,20243.42
22-09-2016,2425.25,2428,2371.1,2380,2378,1428787,34179.32
23-09-2016,2382,2403.85,2371.15,2400,2398.1,900363,21556.62
26-09-2016,2401.1,2419.1,2395,2395.1,2401.1,876738,21109.51
27-09-2016,2401.1,2448,2401.1,2437,2436.1,1019396,24818.15
28-09-2016,2431,2437.5,2415.2,2425,2423.05,865664,20982.67
29-09-2016,2435,2456.5,2419.6,2437,2437.8,1801979,43894.8
30-09-2016,2437.05,2449.8,2423.1,2432.2,2430.8,1087682,26458.42
03-10-2016,2450,2457.65,2401.1,2407.5,2411.7,909440,21982.2
04-10-2016,2420,2425.05,2398,2407,2405.15,890359,21442.94
05-10-2016,2408,2415.4,2376.1,2386,2386.35,588177,14054.42
06-10-2016,2395,2402.4,2372.75,2386.85,2388.75,1133786,27043.91
07-10-2016,2388,2388,2358.2,2370,2367.8,908256,21500.8
10-10-2016,2369.9,2386.9,2355.05,2380,2380.3,601071,14257.81
13-10-2016,2363.3,2369.9,2320.9,2334,2328.9,2586667,60466.75
14-10-2016,2315,2387,2291,2370.6,2366.2,3870607,90727.67
17-10-2016,2368.9,2375.8,2344.4,2374.95,2362.45,1364173,32216.32
18-10-2016,2376,2415.7,2354.8,2398.6,2400.2,1064316,25323.75
19-10-2016,2401,2410,2370.3,2390,2395.1,992529,23700.39
20-10-2016,2396.9,2409.35,2386,2403,2401.15,632927,15183.12
21-10-2016,2400,2431.9,2398.25,2430,2428.65,629830,15241.92
24-10-2016,2428.2,2434.9,2402.55,2433,2427.7,626595,15163.51
25-10-2016,2405,2414.6,2381,2400,2398.45,886233,21278.66
26-10-2016,2398.6,2402.75,2372.5,2383,2396.25,718565,17157.89
27-10-2016,2379.7,2429.5,2365.5,2401.1,2418.1,1470801,35268.1
28-10-2016,2410,2415.1,2388,2398,2398.7,876051,21026.43
30-10-2016,2398.7,2408.95,2382,2390.05,2391.05,42676,1021.55
01-11-2016,2399.7,2399.7,2334.15,2359.05,2350,1467388,34801.53
02-11-2016,2341,2344,2295,2298.75,2304.05,1162538,26913.31
03-11-2016,2294,2335,2284.5,2320,2319.45,731655,16938.92
04-11-2016,2320,2336.15,2294,2330,2330.55,591876,13690.87
07-11-2016,2337.9,2344.9,2260.05,2266,2277.05,1024026,23515.96
08-11-2016,2280.45,2307,2260,2289.6,2283.2,966817,22058.48
09-11-2016,2180,2275,2142.85,2185.8,2169.85,2250113,49248.85
10-11-2016,2204.8,2217.5,2140.8,2147.05,2155.45,1086213,23747.45
11-11-2016,2147.05,2147.05,2086.2,2120,2101.15,1199212,25306.23
15-11-2016,2116.9,2157.55,2051.9,2138.35,2121.3,3145162,66582.68
16-11-2016,2145.1,2208.9,2138,2187.65,2189.6,2009979,44008.63
17-11-2016,2185,2208.6,2130.15,2134.05,2137.2,1252344,27094.91
18-11-2016,2142,2150,2104.2,2126.2,2125.1,1070267,22722.15
21-11-2016,2126.2,2140,2105,2130,2132.9,896683,19086.55
22-11-2016,2132,2177.45,2122.05,2142,2135,659430,14161.84
23-11-2016,2149,2162.95,2127.2,2158.5,2156.35,637904,13720.13
24-11-2016,2154.9,2207.6,2137,2205,2188.45,1513117,33067.74
25-11-2016,2212,2307.25,2192.2,2299.8,2300.35,2138074,48582.38
28-11-2016,2294,2319.45,2251.9,2275.05,2282.6,962148,21971.33
29-11-2016,2275,2292,2252.55,2263,2259.85,721148,16380.02
30-11-2016,2265,2294.75,2242.3,2275,2276.05,1722916,39147.48
01-12-2016,2277,2290,2254.05,2267,2263.45,561526,12751.01
02-12-2016,2258,2270.8,2205.2,2229,2221.85,999016,22313.66
05-12-2016,2229,2237.85,2170,2188.5,2186,1124763,24632.16
06-12-2016,2190,2203.95,2169.9,2170.85,2182.35,796722,17444.52
07-12-2016,2182.2,2184.45,2145.65,2157.9,2154.55,1032853,22354.17
08-12-2016,2160.5,2199,2160,2195,2195.75,1619773,35404.55
09-12-2016,2205,2219.9,2173.3,2193.6,2195.25,794359,17469.69
12-12-2016,2194.8,2217.6,2163,2210,2208.2,655879,14418.38
13-12-2016,2218,2218,2183,2210.75,2200.3,1073767,23619.01
14-12-2016,2214,2224.7,2189,2208.8,2207.6,935183,20641.59
15-12-2016,2202,2272.1,2202,2256.5,2259.3,2147705,48484.14
16-12-2016,2277,2290,2252,2284.8,2282.65,993615,22612.3
19-12-2016,2280,2297.7,2261.3,2285,2288.9,667105,15174
20-12-2016,2292,2345,2287.05,2340,2339.3,1461380,33943.34
21-12-2016,2343.8,2343.8,2305.6,2312,2313.6,1017451,23589.59
22-12-2016,2306,2325,2286.2,2315.6,2307.7,934150,21541.6
23-12-2016,2300,2317.75,2278.8,2285,2288.1,559477,12841.27
26-12-2016,2266,2301.6,2266,2296.85,2293.1,448704,10278.02
27-12-2016,2281.5,2330,2281.5,2322.8,2323.4,647346,15004.11
28-12-2016,2326.7,2349.9,2303.15,2305.25,2313.4,675209,15771.94
29-12-2016,2303,2359.9,2303,2355,2351.7,981758,23034.45
30-12-2016,2354.9,2378.6,2345.65,2366.55,2365.55,702874,16634.48
02-01-2017,2366.6,2375.1,2352.4,2360,2361.35,411566,9736.27
03-01-2017,2361.25,2371.7,2343.3,2361,2368.25,737662,17394.32
04-01-2017,2369.7,2388.85,2358.3,2377.95,2379.5,710033,16857.75
05-01-2017,2384,2389.95,2320.4,2334,2334.4,1108202,26058.74
06-01-2017,2321,2329.35,2257.1,2284,2281.4,1504948,34425.89
09-01-2017,2275,2311.3,2257,2308,2303.7,927289,21183.04
10-01-2017,2304,2329.8,2291.5,2314,2315.35,766957,17740.98
11-01-2017,2315,2329.6,2280.2,2325,2324.4,965648,22292.27
12-01-2017,2324.4,2360,2304,2347,2344.35,1285187,30004.96
13-01-2017,2348,2357.95,2237.85,2250,2249.3,5117790,116517.77
16-01-2017,2250,2273.9,2228,2261.8,2258.55,1682404,37954.29
17-01-2017,2254.9,2287.8,2252.8,2280,2278.75,1504978,34270.02
18-01-2017,2278,2298,2265.45,2295,2295.1,1568287,35793.02
19-01-2017,2295,2295.15,2282.95,2290,2291,1125838,25774.01
20-01-2017,2287,2300,2265,2288,2285.35,1018623,23255.92
23-01-2017,2265,2313.5,2259.8,2307.1,2306.7,1159273,26640.66
24-01-2017,2304,2323,2290,2320,2318.35,1141319,26366.71
25-01-2017,2322.6,2360,2318.05,2357,2353,2055824,48151
27-01-2017,2345.05,2378.75,2345.05,2359,2357.8,1435829,33950.68
30-01-2017,2341,2351.95,2318.15,2338.85,2332.9,1288978,30065.38
31-01-2017,2320,2332.05,2200.05,2232,2229.8,2333402,52303.22
01-02-2017,2220,2239.95,2155.55,2164.9,2167.9,2432076,52917.12
02-02-2017,2170.05,2219,2153,2204.45,2207.65,3004741,65535.91
03-02-2017,2209.7,2243,2191,2238.8,2232.55,1076686,23919.54
06-02-2017,2258,2258.5,2214.95,2242,2240.75,1204455,26908.66
07-02-2017,2244,2252.6,2226,2245.9,2244.6,907319,20352.76
08-02-2017,2244.9,2282.6,2244.05,2281,2270.95,1106292,25119.77
09-02-2017,2275,2328,2270.2,2317,2317.3,2016601,46539.44
10-02-2017,2311,2424.45,2311,2382.9,2397.95,2891080,68330.47
13-02-2017,2396,2429,2382.35,2409.1,2414.25,1909906,46036.67
14-02-2017,2419.65,2419.65,2398,2398.15,2406.25,1016664,24500.97
15-02-2017,2397,2428,2375.1,2423.45,2413.7,962486,23153.28
16-02-2017,2460,2478,2435.6,2450,2447.75,2087840,51209.37
17-02-2017,2472,2475.6,2402,2415,2407.9,1361662,32969.54
20-02-2017,2425,2555,2408.1,2505,2502.2,1986974,49255.32
21-02-2017,2514,2525.9,2455.15,2461.5,2465.35,2750556,68498.04
22-02-2017,2465.9,2470,2400.15,2409.95,2411.5,2252748,54617.97
23-02-2017,2415,2493.25,2415,2479,2481.8,2426676,59881.4
27-02-2017,2479.1,2502,2470.05,2492,2489.85,1069946,26633.32
28-02-2017,2489.5,2490,2450,2460,2466.25,1177414,29031.54
01-03-2017,2479.9,2501.9,2470,2475.3,2479.55,565187,14051.36
02-03-2017,2486.7,2510,2470.05,2503.2,2501.45,772471,19294.38
03-03-2017,2492,2499.7,2475.4,2490,2494.05,506985,12616.17
06-03-2017,2480,2484,2454.55,2477.4,2472.5,700347,17281.72
07-03-2017,2482.9,2505,2475.05,2505,2499.8,755836,18854.64
08-03-2017,2502,2520,2492.2,2515.5,2512.2,895755,22449.67
09-03-2017,2514.15,2524,2504.05,2522,2519.75,429234,10801.99
10-03-2017,2519.6,2549.55,2513.95,2542.3,2542.25,585710,14865.9
14-03-2017,2556.8,2587.15,2551.05,2569.85,2567.5,1701147,43720.98
15-03-2017,2572,2572.15,2493.85,2499,2498.3,1511248,37972.87
16-03-2017,2506,2527,2506,2521.95,2520.9,785909,19795.65
17-03-2017,2546,2546,2509.75,2532.15,2525.75,1296576,32752.8
20-03-2017,2525.95,2525.95,2466,2476.1,2480,1743770,43318.87
21-03-2017,2482,2492,2465,2484.85,2486.7,1686850,41842.2
22-03-2017,2480.15,2496,2469.95,2472.3,2478.95,944358,23424.14
23-03-2017,2482,2485.05,2447.2,2457.95,2460.35,1310319,32233.95
24-03-2017,2469.8,2469.8,2423.3,2428,2427.2,2549907,62165.81
27-03-2017,2426.95,2440,2406,2411,2412.05,1090635,26378.09
28-03-2017,2410,2443.4,2410,2430.7,2429.95,576579,14021.76
29-03-2017,2436,2450.8,2425.6,2443.1,2444.6,858882,20956.57
30-03-2017,2444.9,2465,2435,2436.7,2441,1493043,36557
31-03-2017,2438.4,2440.85,2415,2423.1,2431.8,933522,22653.21
03-04-2017,2435,2435,2408.2,2410,2411.7,598444,14470.38
05-04-2017,2419.9,2419.9,2395,2404.5,2401.25,1452784,34890.32
06-04-2017,2400,2410,2392.55,2395,2400.05,860352,20645.33
07-04-2017,2394.9,2433.25,2392.15,2432,2429.05,1138506,27539.49
10-04-2017,2432,2449,2405,2408,2422.25,1271632,30962.73
11-04-2017,2417.3,2443.1,2406,2419.65,2419.3,778892,18923.59
12-04-2017,2422.5,2428,2383,2392,2393.25,525269,12624.35
13-04-2017,2400,2409,2321.05,2335,2328.65,1250236,29264.59
17-04-2017,2330.4,2332.9,2295.15,2319,2314.85,1135441,26225.16
18-04-2017,2330,2334.2,2302.05,2302.05,2308.8,865310,20070.52
19-04-2017,2263.5,2348.7,2252.8,2302,2299.15,2813406,64637.24
20-04-2017,2305.3,2332,2290.95,2325,2325.5,634421,14650.52
21-04-2017,2329.1,2335.65,2301,2312,2310.8,580577,13433.54
24-04-2017,2300,2339.65,2282.5,2328,2328.1,1000010,23172.74
25-04-2017,2328,2344.45,2302.7,2310,2311.5,1574355,36416.07
26-04-2017,2340,2343.95,2303.05,2310,2310.35,1093719,25295.62
27-04-2017,2306.05,2327.8,2277.65,2289.8,2302.65,2886593,66599.93
28-04-2017,2294,2298.75,2268,2275,2273.15,1270255,28980.77
02-05-2017,2294,2302,2280,2288.15,2289.9,1191348,27298.41
03-05-2017,2295,2345,2268.5,2337.8,2337.3,1757203,40796.35
04-05-2017,2349.95,2350,2308.8,2331.9,2330.1,1354104,31506.9
05-05-2017,2308,2332.5,2302.5,2323,2320.5,841237,19512.9
08-05-2017,2321,2347.4,2317.7,2342,2342.45,535891,12526.85
09-05-2017,2343.95,2361,2332.55,2355,2352.55,895135,21030.95
10-05-2017,2355,2356.15,2316,2335.75,2332.45,603194,14056.27
11-05-2017,2347.3,2360,2322.75,2350.65,2349.45,1035651,24217.29
12-05-2017,2343.3,2369.9,2320.05,2369.9,2360.65,1157223,27205.9
15-05-2017,2375.1,2377.95,2341.6,2368,2365.1,908802,21380.43
16-05-2017,2380,2435,2373.45,2425.1,2429.15,1800513,43397.03
17-05-2017,2433.5,2460.75,2423,2450,2455.35,1438099,35137.29
18-05-2017,2450,2572,2442.25,2525,2536.2,2569297,64894.78
19-05-2017,2536.2,2540.55,2486,2503.85,2507.15,893022,22384.3
22-05-2017,2510,2553.75,2510,2535,2531.35,831970,21054.61
23-05-2017,2533.2,2564.15,2514,2523.7,2521.7,1374298,34776.45
24-05-2017,2534.8,2570,2529.65,2567.1,2559.15,1267274,32252.28
25-05-2017,2577,2637.55,2568,2615.05,2624.6,2047047,53333.77
26-05-2017,2625,2626.85,2564.65,2570.05,2578.25,681275,17665.43
29-05-2017,2579,2596.5,2564,2572,2572.85,874645,22545.25
30-05-2017,2560,2575.95,2525,2548.2,2551.1,463817,11849.32
31-05-2017,2533,2572.5,2528,2539.95,2546.6,1251365,31905.89
01-06-2017,2530,2564,2530,2553,2553.6,540032,13786.18
02-06-2017,2556.25,2591.85,2552.5,2560,2564.9,677824,17412.2
05-06-2017,2565,2619.9,2560.15,2616,2603.95,750094,19331.4
06-06-2017,2631,2708.95,2630,2705,2696,2973360,80077.81
07-06-2017,2697,2700,2576.55,2613.95,2615.25,2463888,64675.89
08-06-2017,2598,2604.95,2515.5,2520,2521.6,1665357,42357.31
09-06-2017,2520,2547.4,2486,2518.6,2507,1574017,39559.5
12-06-2017,2497,2512.9,2470.4,2484.9,2487.2,813253,20229.48
13-06-2017,2465,2481.1,2447,2450,2451.55,587707,14486.35
14-06-2017,2455,2476,2455,2465.4,2470.2,744571,18386.51
15-06-2017,2469,2469.7,2405,2410,2411.2,1498599,36385.09
16-06-2017,2414.95,2435,2386.5,2395,2399.7,1225213,29441.42
19-06-2017,2416.9,2446.35,2405.15,2432,2431.7,822371,19987.76
20-06-2017,2431,2449,2380.3,2443.6,2445,835479,20278.28
21-06-2017,2440,2442.15,2397.2,2406.75,2406.3,828909,19995.3
22-06-2017,2409,2431,2385,2391.45,2394.85,2887941,69397.87
23-06-2017,2399.4,2413.95,2354,2359.8,2361.7,712378,17017.11
27-06-2017,2350.6,2384.7,2331.6,2348,2342.85,987165,23270.75
28-06-2017,2349.9,2358,2335,2346.25,2350.05,894863,20992.52
29-06-2017,2359,2372.05,2323.1,2328.95,2333.25,1235913,28951.51
30-06-2017,2324.4,2377,2323.1,2361,2362.35,876924,20704.28
03-07-2017,2357.4,2383.05,2343.1,2371,2373.6,737978,17478.72
04-07-2017,2373.3,2380.45,2350.05,2360.8,2366.85,607567,14380.53
05-07-2017,2360.8,2365,2345,2358,2356,407928,9604.33
06-07-2017,2359,2361.9,2340.1,2350.05,2347.55,513394,12058.35
07-07-2017,2350,2356.45,2325.5,2332,2331.95,616045,14436.98
10-07-2017,2341,2444.9,2341,2435,2434.95,398392,9667.14
11-07-2017,2426,2514.8,2426,2482.5,2475.8,1768752,43831.95
12-07-2017,2482.5,2483.3,2430.1,2441,2439.45,1323225,32463.16
13-07-2017,2445,2472,2426.6,2439,2446.4,1565980,38358.73
14-07-2017,2383,2425,2375,2399.1,2397.45,2254216,54014.99
17-07-2017,2397.7,2422.1,2382.2,2397.1,2395.45,1105911,26570.95
18-07-2017,2396.15,2443,2396.15,2415.1,2408.35,954001,23068.24
19-07-2017,2415.5,2460,2415.1,2449.25,2449.6,1957788,47809.44
20-07-2017,2449.25,2456.9,2430.5,2437,2444.7,591252,14433.94
21-07-2017,2434.9,2500,2434.55,2496,2491.2,1074208,26567.05
24-07-2017,2482,2540,2482,2535,2530.7,1135701,28613.64
25-07-2017,2525.75,2580,2518.4,2579,2571.5,1339416,34187.36
26-07-2017,2560,2575,2547,2552,2556,729913,18683.3
27-07-2017,2542.2,2584.8,2466.5,2477,2481.7,2127652,53188.06
28-07-2017,2481,2493.05,2442,2484.95,2484.3,691376,17059.08
31-07-2017,2471,2519,2463,2494.95,2491.8,1009831,25145.1
01-08-2017,2500,2520.75,2491,2495.15,2501.65,873730,21861.95
02-08-2017,2500,2508,2462,2475,2473.8,625512,15540.9
03-08-2017,2480,2502,2466.45,2490.05,2489.45,941274,23407.1
04-08-2017,2490.8,2528.3,2488,2525,2522.8,693945,17423.96
07-08-2017,2516.5,2520,2481.2,2507.4,2503.45,942760,23486.82
08-08-2017,2512,2528.6,2496.3,2500.15,2503.05,536979,13465.5
09-08-2017,2500,2522.85,2493.3,2508.35,2512,496473,12468.03
10-08-2017,2509,2520.6,2486.35,2520,2511.45,763086,19071.17
11-08-2017,2499.9,2535,2483,2492.65,2496.05,697368,17460.6
14-08-2017,2503,2509.9,2463,2468,2469.4,393252,9781.2
16-08-2017,2484,2543.8,2465.2,2490.15,2492.35,686670,17082.02
17-08-2017,2500.7,2505,2462.1,2485.55,2485.65,876187,21729.78
18-08-2017,2474,2549.9,2471.4,2515,2513.8,1418678,35762.82
21-08-2017,2505.5,2549,2494.3,2513.2,2528.8,1152417,29209.42
22-08-2017,2523,2539.5,2492,2500,2497.55,565663,14232.52
23-08-2017,2505,2516.8,2473.15,2491.6,2489.45,781136,19430.94
24-08-2017,2497.7,2517.95,2486.15,2498.05,2496.6,811954,20264.87
28-08-2017,2504.6,2505.4,2461,2491,2487.3,1018398,25253.79
29-08-2017,2482,2496,2463.95,2475.05,2470.85,656301,16230.11
30-08-2017,2481,2490,2460.1,2485,2484.55,485391,12030.21
31-08-2017,2485,2504.4,2466.65,2498,2496.35,892332,22218.3
01-09-2017,2480,2498.05,2436.55,2460.6,2456.45,851165,20877.7
04-09-2017,2453.1,2461,2438,2457,2456.2,531272,13027.11
05-09-2017,2460,2490,2437.05,2484.65,2484.35,582997,14359.97
06-09-2017,2468.15,2474.85,2450,2453,2453.2,614382,15081.66
07-09-2017,2458,2468.4,2451.05,2460,2460.1,435318,10702.73
08-09-2017,2453.75,2474,2452.55,2465.15,2470.6,510567,12591.26
11-09-2017,2471.2,2482.95,2450,2455,2454.45,366382,9025.4
12-09-2017,2473.9,2497,2457,2497,2488.45,698230,17243.6
13-09-2017,2500,2531.65,2475.2,2492.7,2489.2,639490,16015.9
14-09-2017,2482,2497.6,2471.9,2485,2486.95,540755,13433.42
15-09-2017,2499,2517,2485,2504,2506.05,1472036,36850.86
18-09-2017,2504.95,2518.95,2489.25,2505,2499.05,363300,9092.33
19-09-2017,2505,2505,2491.5,2498,2498.25,391377,9770.93
20-09-2017,2514,2514,2474.3,2496,2493.55,667321,16588.85
21-09-2017,2491.05,2541,2480,2525,2524.9,1219370,30605.45
22-09-2017,2519.9,2526.9,2492,2509,2503.6,1217698,30542.5
25-09-2017,2496.55,2534,2492.75,2510,2510.75,799779,20115.28
26-09-2017,2510,2526.4,2466,2475,2474.65,724615,18012.39
27-09-2017,2490,2512.2,2473.75,2495.1,2495,1005178,25086.34
28-09-2017,2494.7,2514,2452,2472.75,2476.45,2166433,53738.2
29-09-2017,2479,2484,2421.5,2437.6,2435.95,992507,24370.25
03-10-2017,2440,2454.3,2427.05,2452,2448.45,961503,23469.06
04-10-2017,2449.6,2454,2425,2442,2442.3,650389,15872.5
05-10-2017,2441,2443.45,2424.4,2430,2429.6,842343,20510.78
06-10-2017,2430,2455,2428.05,2451,2446.65,694594,16972.4
09-10-2017,2441.05,2467.95,2441.05,2449.1,2454.1,886808,21795.29
10-10-2017,2455,2469.95,2451.25,2453.4,2459.25,611005,15029.2
11-10-2017,2460,2514.45,2456.75,2500,2500.35,763873,19053.65
12-10-2017,2513,2555,2507,2546.9,2548.2,2503178,63317.34
13-10-2017,2548.2,2608.95,2523,2559.75,2558.6,2033160,52092.88
16-10-2017,2555.05,2590,2555.05,2587,2584.4,609295,15706.77
17-10-2017,2585,2614.95,2577.55,2594.6,2594.55,721508,18747.43
18-10-2017,2595,2613.65,2580,2592,2586.6,757072,19594.82
19-10-2017,2592,2595.8,2571,2583.4,2583.9,43411,1120.86
23-10-2017,2584,2629,2547.45,2590,2587.9,943044,24510.29
24-10-2017,2620,2620.9,2569.05,2575,2578.4,669510,17280.89
25-10-2017,2578.5,2614,2555,2560,2559.9,552553,14259.52
26-10-2017,2535.1,2569.15,2517.9,2531.7,2538.85,1503776,38213.29
27-10-2017,2538,2593.15,2530.3,2580,2584.3,704635,18090.75
30-10-2017,2586,2620,2581.7,2615.1,2616.2,568626,14822.9
31-10-2017,2601.3,2640,2601.3,2618.75,2624,796317,20925.79
01-11-2017,2624,2626.85,2578.85,2607.75,2602.85,370941,9621.75
02-11-2017,2608.5,2674,2606.75,2623.05,2626.15,734211,19381.59
03-11-2017,2632.4,2636.7,2602.8,2622,2620.1,333443,8735.41
06-11-2017,2620,2671.8,2611.75,2660.15,2665.55,688500,18187.52
07-11-2017,2670,2768,2666.05,2710,2710.05,1348446,36656.65
08-11-2017,2723,2759,2718.25,2737,2735,701126,19219.35
09-11-2017,2750,2750,2719.3,2740,2736.4,576216,15744.63
10-11-2017,2722.2,2726,2693.35,2710,2708.75,678283,18360.07
13-11-2017,2702.05,2777.4,2702.05,2756.55,2758.95,748498,20638.09
14-11-2017,2756.55,2756.55,2707.5,2710,2714.6,828626,22527.15
15-11-2017,2706,2755,2701.35,2710,2705.3,3335417,91281.29
16-11-2017,2710,2763,2686.95,2739.9,2746.65,826741,22603.13
17-11-2017,2748.1,2748.1,2703.6,2708.2,2707.3,662732,18025.58
20-11-2017,2715,2726.9,2695.3,2697.9,2703.45,507249,13746.33
21-11-2017,2701,2701,2666,2670.25,2672.95,763870,20460.45
22-11-2017,2673,2709.7,2672.4,2681.4,2680.65,911312,24522.35
23-11-2017,2681,2693,2669,2676.55,2681.25,396735,10649.38
24-11-2017,2682,2702.9,2673.1,2688.2,2688.05,1143756,30747.1
27-11-2017,2688,2695.9,2662.2,2683.05,2685.85,928393,24868.4
28-11-2017,2686,2702.4,2670,2681.05,2685.3,455858,12213.42
29-11-2017,2677.5,2693,2650,2653.65,2658.15,723766,19358.56
30-11-2017,2653.65,2666.95,2623,2635,2637,2149981,56789
01-12-2017,2635,2668,2621.5,2630,2629.95,515572,13651.04
04-12-2017,2622,2658.5,2602.95,2630,2632.35,629552,16556.23
05-12-2017,2631,2651.7,2628.15,2633,2635.55,583957,15423.08
06-12-2017,2636,2645,2612.85,2635,2633.3,703759,18491.08
07-12-2017,2632.3,2645.95,2615,2617.95,2617.25,663150,17398.57
08-12-2017,2618,2645,2597,2600,2601.5,692774,18162.37
11-12-2017,2608.35,2672.65,2608.35,2670,2661.1,504001,13282.69
12-12-2017,2661,2662,2607.4,2609.55,2612.15,941123,24696.38
13-12-2017,2611.4,2651.45,2601,2633.5,2628.4,1480729,38973.86
14-12-2017,2632,2632,2531.1,2558.2,2557.8,2752075,70420
15-12-2017,2563.75,2584.45,2536.85,2543.95,2545.6,1359069,34695.92
18-12-2017,2537,2588.95,2494.35,2576.6,2580.5,1090332,27787.74
19-12-2017,2576,2597.8,2564.7,2577.4,2575.3,900976,23273.87
20-12-2017,2582,2592.75,2550.65,2592,2588.95,788785,20300.2
21-12-2017,2587,2608,2580.05,2582.1,2595.7,646824,16785.69
22-12-2017,2604,2663.9,2590.2,2640,2646.75,1832832,48319.49
26-12-2017,2686,2689.75,2631.6,2650.35,2649.45,1087893,28868.39
27-12-2017,2649.45,2658.5,2610.5,2617,2619.9,369642,9729.74
28-12-2017,2608.8,2653.5,2605.65,2631,2626.95,1302544,34262.57
29-12-2017,2623.1,2708.9,2618.55,2700,2701.2,1304771,34940.69
01-01-2018,2682.3,2694.8,2635,2650,2645.6,675880,17944.18
02-01-2018,2660,2669.6,2620.2,2631,2631.2,960145,25358
03-01-2018,2632,2669,2631.2,2639,2638.65,628560,16651.86
04-01-2018,2650,2662,2640,2650,2657.1,456541,12098.07
05-01-2018,2650,2699.5,2650,2695,2689.2,576853,15488.21
08-01-2018,2700,2726.85,2681.85,2708.8,2714.4,621110,16830.46
09-01-2018,2715,2721,2676.55,2708.95,2709,1074698,29055.11
10-01-2018,2711,2816,2694.65,2803,2806.6,1682925,46504.24
11-01-2018,2810,2821.9,2782.2,2792.5,2790.5,1260524,35251.61
12-01-2018,2805,2805,2740.55,2769.9,2776.35,1680157,46444.23
15-01-2018,2777.15,2808,2735.05,2737.4,2746.1,728607,20170.15
16-01-2018,2756,2861.65,2750.55,2860,2850.85,2133876,60484.65
17-01-2018,2870,2925,2862.15,2895,2888.95,2140403,62079.46
18-01-2018,2897,2933,2868.05,2926.55,2918.2,1104739,31997.12
19-01-2018,2930.55,2982,2903.65,2974.85,2959.3,910000,26670.01
22-01-2018,2961,3134.7,2922,3090,3116.4,2183555,66645.66
23-01-2018,3114.95,3142.35,3090.05,3097.9,3102,1619805,50408.79
24-01-2018,3090,3259.05,3082.65,3174.95,3174.6,2810769,89651.88
25-01-2018,3175,3179.8,3081,3133,3121.05,1916922,59866.62
29-01-2018,3131.4,3225,3122,3199.25,3198.85,1570530,50196.39
30-01-2018,3180,3203.8,3143.7,3152.15,3152.85,787379,24932.03
31-01-2018,3137,3150,3098.6,3111.15,3112.35,1521607,47461.05
01-02-2018,3124,3190,3088.8,3150,3138.6,1200315,37764.74
02-02-2018,3120,3190,3103.45,3153,3153.65,1228245,38901.63
05-02-2018,3110,3188,3076.85,3110,3103.2,1378871,43003.56
06-02-2018,3010,3077.15,2985,3000,2997.25,1328653,40137.44
07-02-2018,3027,3031,2947.45,2959,2955.05,1090162,32435.12
08-02-2018,2979.75,3027.6,2959,2966.2,2974.2,1377502,41327.16
09-02-2018,2950,2994,2896.65,2978.3,2971.7,1051229,30910.37
12-02-2018,2978.3,3023.35,2955.55,2960.15,2967.3,987281,29434.08
14-02-2018,2970,2974.45,2892.5,2900,2911.8,1423766,41853.67
15-02-2018,2931.95,2943,2905.1,2922,2925.85,1232618,36059.54
16-02-2018,2923,2999.6,2923,2931,2933.05,1257878,37302.56
19-02-2018,2945,2953.3,2895.2,2923.65,2923.6,784112,22959.55
20-02-2018,2928,2985.05,2927.9,2943,2944.75,944534,27951.26
21-02-2018,2974,3062.6,2960.05,3042.35,3042.3,1544614,46589.38
22-02-2018,3052,3079,3022.5,3040.05,3050.2,1731505,52773.42
23-02-2018,3050,3089,2992.1,3078,3075.8,1681250,51189.36
26-02-2018,3075,3089.95,3021.2,3025.6,3031.7,681941,20758.94
27-02-2018,3041,3078.55,3032,3042,3042.35,858900,26234.43
28-02-2018,3035,3063.95,3021.45,3033.4,3035.05,1353432,41146.52
01-03-2018,3049,3061.2,3020,3033,3037.7,859062,26134.81
05-03-2018,3049,3113.65,3032.95,3103,3105.85,1429084,43955.23
06-03-2018,3122,3127,3030.15,3041,3042.8,953382,29434.03
07-03-2018,3070,3089,3018.5,3028.7,3027.45,958886,29200.78
08-03-2018,3054.9,3054.9,2987.5,3001.85,3003.95,975913,29449.17
09-03-2018,3005,3063.2,2977.2,3035,3034.1,936218,28373.81
12-03-2018,3043,3083.9,3035.5,3046.95,3052.15,1045670,32006.69
13-03-2018,2924.9,2939.7,2872,2886.1,2886.8,44033577,1268361.56
14-03-2018,2892.95,2923.05,2875.05,2887.85,2886.9,1834334,53188.8
15-03-2018,2895,2902.55,2855.6,2867,2869.7,1174453,33788.1
16-03-2018,2868.8,2872,2805,2828,2825.7,3598741,101999.79
19-03-2018,2829,2848,2820,2828.75,2831,1744970,49425.94
20-03-2018,2820,2873.2,2819,2870,2864.85,2012492,57401.63
21-03-2018,2872.5,2884.3,2850,2856.1,2856.75,1953839,55992.39
22-03-2018,2859.95,2875.95,2822.55,2824,2831.35,1163047,33072.11
23-03-2018,2802,2834.1,2798.05,2809.2,2818.15,1827061,51464.39
26-03-2018,2819,2827.4,2781.55,2817,2817,1482105,41681.65
27-03-2018,2825,2863,2823.05,2843.8,2847.7,1247287,35492.78
28-03-2018,2835.9,2875,2825,2849.35,2849.15,3432827,97984.21
02-04-2018,2840,2914,2840,2903,2909.65,831494,24021.39
03-04-2018,2892.1,2929.9,2892.1,2908.4,2911.25,968645,28167.43
04-04-2018,2929.45,2934,2892,2906.9,2910.9,1420910,41418.24
05-04-2018,2926.55,2963.75,2920.35,2954.1,2957.95,904712,26684.99
06-04-2018,2954,2960,2926.55,2939.7,2950.3,564509,16617.4
09-04-2018,2939.7,2963.5,2915,2925.05,2923.9,617933,18147.96
10-04-2018,2925.7,2957.25,2925.7,2933.4,2937.6,592266,17433.81
11-04-2018,2950.6,3025,2945.6,3010,3014.15,1562208,46673.84
12-04-2018,3010,3150,3007.95,3136,3139.25,3057180,95270.47
13-04-2018,3150,3240.8,3132.1,3145.5,3153.3,4089559,130104.04
16-04-2018,3116,3199.95,3110.75,3185.05,3187.65,3135137,99364.61
17-04-2018,3187.65,3194.95,3147.2,3163.6,3166.6,1650862,52263.2
18-04-2018,3166,3193.45,3145.85,3162.7,3159.1,1216533,38522.32
19-04-2018,3179.9,3217.2,3165.75,3191.15,3191.15,2410476,76907.75
20-04-2018,3250,3422.35,3240,3414,3402.45,9232831,309398.51
23-04-2018,3424,3557.9,3389.55,3395.9,3408.65,7592955,264086.57
24-04-2018,3410,3443.15,3342.5,3380,3385.65,4157168,140749.38
25-04-2018,3385,3483,3365.05,3466,3470.25,4098287,141195.85
26-04-2018,3467,3560,3467,3523.95,3539.25,6067517,214112.74
27-04-2018,3525,3544,3420,3458,3451.95,2250665,78221.68
30-04-2018,3451.95,3549,3437.6,3529,3532.1,1729279,60932.2
02-05-2018,3530.5,3532.2,3471.3,3500,3499.75,1579023,55218.26
03-05-2018,3509.8,3526,3470.4,3481.75,3481.85,1880775,65856.82
04-05-2018,3492,3497,3470,3479,3480.75,1173622,40902.42
07-05-2018,3490,3490,3410.9,3428,3420.95,1742213,59904.35
08-05-2018,3434.7,3486.5,3396.7,3440.2,3441.2,1496410,51593.22
09-05-2018,3440.2,3494.75,3440.2,3488.5,3489.3,1307525,45514.23
10-05-2018,3502.95,3511.15,3440.2,3446.3,3451.25,1929339,67113.81
11-05-2018,3454.2,3485,3442.5,3461,3456.95,1313938,45476.37
14-05-2018,3457,3471,3410.8,3440,3433.55,1216947,41714.6
15-05-2018,3450,3495.8,3433.7,3487,3482.4,976445,33960.47
16-05-2018,3479.95,3509,3475.25,3497,3493.9,824225,28800.12
17-05-2018,3512.95,3533.15,3476,3480.8,3491.8,1484024,52084.64
18-05-2018,3480.8,3517.7,3458,3495,3502.05,937498,32698.61
